,smiles
10fthf,N=c1nc(O)c2c([nH]1)NCC(CN(C=O)c1ccc(C(=O)N[C@@H](CCC(=O)O)C(=O)O)cc1)N2
12dgr120,CCCCCCCCCCCC(=O)OC[C@H](CO)OC(=O)CCCCCCCCCCC
12dgr140,CCCCCCCCCCCCCC(=O)OC[C@H](CO)OC(=O)CCCCCCCCCCCCC
12dgr141,CCCCCC/C=C\CCCCCC(=O)OCC(CO)OC(=O)CCCCC/C=C\CCCCCC
12dgr160,CCCCCCCCCCCCCCCC(=O)OC[C@H](CO)OC(=O)CCCCCCCCCCCCCCC
12dgr161,CCCCCC/C=C\CCCCCCCC(=O)OC[C@H](CO)OC(=O)CCCCCCC/C=C\CCCCCC
12dgr180,CCCCCCCCCCCCCCCCCC(=O)OC[C@H](CO)OC(=O)CCCCCCCCCCCCCCCCC
12dgr181,CCCCCC/C=C\CCCCCCCCCC(=O)OC[C@H](CO)OC(=O)CCCCCCCCC/C=C\CCCCCC
12ppd__R,C[C@@H](O)CO
12ppd__S,C[C@H](O)CO
13dpg,O=C(OP(=O)(O)O)[C@H](O)COP(=O)(O)O
13ppd,OCCCO
14dhncoa,CC(C)(COP(=O)(O)OP(=O)(O)OC[C@H]1O[C@@H](n2cnc3c(N)ncnc32)[C@H](O)[C@@H]1OP(=O)(O)O)[C@@H](O)C([O-])=NCCC([O-])=NCCSC(=O)c1cc([O-])c2ccccc2c1[O-]
14glucan,CO[C@H]1O[C@H](CO)[C@@H](O[C@H]2O[C@H](CO)[C@@H](OC)[C@H](O)[C@H]2O)[C@H](O)[C@H]1O
15dap,NCCCCCN
1agpe120,CCCCCCCCCCCC(=O)OC[C@@H](O)COP(=O)(O)OCCN
1agpe140,CCCCCCCCCCCCCC(=O)OC[C@@H](O)COP(=O)(O)OCCN
1agpe141,CCCCCC/C=C/CCCCCC(=[O+])OC(CO)COP(=O)([O-])OCC[N]
1agpe160,CCCCCCCCCCCCCCCC(=O)OC[C@@H](O)COP(=O)(O)OCCN
1agpe161,CCCCCC/C=C/CCCCCCCC(=[O+])OCC(O)COP(=O)([O-])OCC[N]
1agpe180,CCCCCCCCCCCCCCCCCC(=O)OC[C@@H](O)COP(=O)(O)OCCN
1agpe181,CCCCCCCC/C=C/CCCCCCCC(=[O+])OCC(O)COP(=O)([O-])OCC[N]
1agpg120,CCCCCCCCCCCC(=O)OC[C@@H](O)COP(=O)([O-])OC[C@@H](O)CO
1agpg140,CCCCCCCCCCCCCC(=O)OC[C@@H](O)COP(=O)([O-])OC[C@@H](O)CO
1agpg141,C=CCCCCCCCCCCCC(=O)OCC(O)COP(=O)([O-])OCC(O)CO
1agpg160,CCCCCCCCCCCCCCCC(=O)OC[C@@H](O)COP(=O)([O-])OC[C@@H](O)CO
1agpg161,CCCCCC/C=C/CCCCCCCC(=O)OCC(O)COP(=O)([O-])OCC(O)CO
1agpg180,CCCCCCCCCCCCCCCCCC(=O)OC[C@@H](O)COP(=O)([O-])OC[C@@H](O)CO
1agpg181,CCCCCCCC/C=C/CCCCCCCC(=O)OCC(O)COP(=O)([O-])OCC(O)CO
1ddecg3p,CCCCCCCCCCCC(=O)OC[C@@H](O)COP(=O)([O-])[O-]
1hdec9eg3p,CCCCCC/C=C/CCCCCCCC(=O)OCC(O)COP(=O)([O-])[O-]
1hdecg3p,CCCCCCCCCCCCCCCC(=O)OCC(O)COP(=O)(O)O
1odec11eg3p,CCCCCC/C=C/CCCCCCCCCC(=O)OCC(O)COP(=O)([O-])[O-]
1odecg3p,CCCCCCCCCCCCCCCCCC(=O)OC[C@@H](O)COP(=O)([O-])[O-]
1pyr5c,O=C(O)[C@@H]1CCC=N1
1tdec7eg3p,CCCCCC/C=C/CCCCCC(=O)OCC(O)COP(=O)([O-])[O-]
1tdecg3p,CCCCCCCCCCCCCC(=O)OC[C@@H](O)COP(=O)(O)O
23camp,Nc1ncnc2c1ncn2[C@@H]1O[C@H](CO)[C@H]2OP(=O)(O)O[C@H]21
23ccmp,N=c1ccn([C@@H]2O[C@H](CO)[C@H]3OP(=O)(O)O[C@H]32)c([O-])n1
23cgmp,N=c1nc(O)c2ncn([C@@H]3O[C@H](CO)[C@H]4OP(=O)(O)O[C@H]43)c2[nH]1
23cump,O=c1nc(O)ccn1[C@@H]1O[C@H](CO)[C@H]2OP(=O)(O)O[C@H]21
23dappa,NCC(N)C(=O)O
23ddhb,O=C(O)C1=CC=CC(O)C1O
23dhacoa,CC(C)(COP(=O)(O)OP(=O)(O)OC[C@H]1O[C@@H](n2cnc3c(N)ncnc32)[C@H](O)[C@@H]1OP(=O)(O)O)[C@@H](O)C(O)=NCCC(O)=NCCSC(=O)/C=C\CCC(=O)O
23dhb,O=C(O)c1cccc([O-])c1O
23dhba,Nc1ncnc2c1ncn2[C@@H]1O[C@H](COP(=O)(O)OC(=O)c2cccc(O)c2O)[C@@H](O)[C@H]1O
23dhbzs3,O=C(O)C(COC(=O)C(COC(=O)C(CO)N=C(O)c1cccc(O)c1O)N=C(O)c1cccc(O)c1O)N=C(O)c1cccc(O)c1O
23dhbzs,O=C(O)[C@H](CO)N=C(O)c1cccc(O)c1O
23dhdp,O=C(O)C1=N[C@H](C(=O)O)CC=C1
23dhmb,CC(C)(O)[C@@H](O)C(=O)O
23dhmp,CC[C@@](C)(O)[C@@H](O)C(=O)O
23doguln,O=C([O-])C(=O)C(=O)[C@H](O)[C@@H](O)CO
25aics,Nc1c(C(O)=N[C@@H](CC(=O)O)C(=O)O)ncn1[C@@H]1O[C@H](COP(=O)(O)O)[C@@H](O)[C@H]1O
25dkglcn,O=C([O-])C(=O)[C@@H](O)[C@H](O)C(=O)CO
25drapp,N=c1nc([O-])c(N)c(N[C@@H]2O[C@H](COP(=O)([O-])O)[C@@H](O)[C@H]2O)[nH]1
26dap_LL,N[C@@H](CCC[C@H](N)C(=O)O)C(=O)O
26dap__M,N[C@@H](CCC[C@@H](N)C(=O)O)C(=O)O
2agpe120,CCCCCCCCCCCC(=O)O[C@H](CO)COP(=O)(O)OCCN
2agpe140,CCCCCCCCCCCCCC(=O)O[C@H](CO)COP(=O)(O)OCCN
2agpe141,CCCCCC/C=C/CCCCCC(=[O+])OC(CO)COP(=O)([O-])OCC[N]
2agpe160,CCCCCCCCCCCCCCCC(=O)O[C@H](CO)COP(=O)(O)OCCN
2agpe161,CCCCCC/C=C/CCCCCCCC(=[O+])OC(CO)COP(=O)([O-])OCC[N]
2agpe180,CCCCCCCCCCCCCCCCCC(=O)O[C@H](CO)COP(=O)(O)OCCN
2agpe181,CCCCCC/C=C/CCCCCCCCCC(=[O+])OC(CO)COP(=O)([O-])OCC[N]
2agpg120,CCCCCCCCCCCC(=O)OCC(O)COP(=O)([O-])OCC(O)CO
2agpg140,CCCCCCCCCCCCCC(=O)O[C@H](CO)COP(=O)([O-])OC[C@@H](O)CO
2agpg141,CCCCCC/C=C/CCCCCC(=O)OC(CO)COP(=O)([O-])OCC(O)CO
2agpg160,CCCCCCCCCCCCCCCC(=O)O[C@H](CO)COP(=O)([O-])OC[C@@H](O)CO
2agpg161,CCCCCC/C=C/CCCCCCCC(=O)OC(CO)COP(=O)([O-])OCC(O)CO
2agpg180,CCCCCCCCCCCCCCCCCC(=O)O[C@H](CO)COP(=O)([O-])OCC(O)CO
2agpg181,CCCCCC/C=C/CCCCCCCCCC(=O)OC(CO)COP(=O)([O-])OCC(O)CO
2ahbut,CC[C@](O)(C(C)=O)C(=O)O
2amsa,N[C@@H](C=O)C(=O)O
2aobut,CC(=O)[C@H](N)C(=O)O
2cpr5p,O=C(O)c1ccccc1NCC(=O)[C@H](O)[C@H](O)COP(=O)(O)O
2dda7p,O=C(O)C(=O)C[C@@H](O)[C@H](O)[C@H](O)COP(=O)(O)O
2ddara,O=C(O)C(=O)C[C@H](O)CO
2ddecg3p,CCCCCCCCCCCC(=O)OC(CO)COP(=O)(O)O
2ddg6p,O=C(O)C(=O)C[C@H](O)[C@H](O)COP(=O)(O)O
2ddglcn,O=C(O)C(=O)C[C@H](O)[C@H](O)CO
2dglc,OC[C@H]1OC(O)C[C@@H](O)[C@@H]1O
2dh3dgal6p,O=C(O)C(=O)C[C@@H](O)[C@H](O)COP(=O)(O)O
2dh3dgal,O=C(O)C(=O)C[C@@H](O)[C@H](O)CO
2dhguln,O=C([O-])C(=O)[C@@H](O)[C@H](O)[C@@H](O)CO
2dhp,CC(C)(CO)C(=O)C(=O)O
2dmmq8,CC(C)=CCC/C(C)=C/CC/C(C)=C/CC/C(C)=C/CC/C(C)=C/CC/C(C)=C/CC/C(C)=C/CC/C(C)=C/CC1=CC(=O)c2ccccc2C1=O
2dmmql8,CC(C)=CCC/C(C)=C/CC/C(C)=C/CC/C(C)=C/CC/C(C)=C/CC/C(C)=C/CC/C(C)=C/CC/C(C)=C/Cc1cc(O)c2ccccc2c1O
2doxg6p,O=P(O)(O)OC[C@H]1OC(O)C[C@@H](O)[C@@H]1O
2dr1p,O=P(O)(O)OC1C[C@H](O)[C@@H](CO)O1
2dr5p,O=P(O)(O)OC[C@H]1OC(O)C[C@@H]1O
2h3oppan,O=CC(O)C(=O)O
2hdec9eg3p,CCCCCC/C=C\CCCCCCCC(=O)OC(CO)COP(=O)(O)O
2hdecg3p,CCCCCCCCCCCCCCCC(=O)O[C@H](CO)COP(=O)([O-])[O-]
2hptcl,O=C(O)C1=C([O-])CC=CC=C1
2hptcoa,CC(C)(COP(=O)(O)OP(=O)(O)OC[C@H]1O[C@@H](n2cnc3c(N)ncnc32)[C@H](O)[C@@H]1OP(=O)([O-])O)[C@@H](O)C([O-])=NCCC([O-])=NCCS/C([O-])=C1\C=CC=CCC1=O
2ippm,CC(C)/C(=C/C(=O)O)C(=O)O
2mahmp,Cc1ncc(COP(=O)(O)OP(=O)(O)O)c(=N)[nH]1
2mcacn,C/C(C(=O)O)=C(\CC(=O)O)C(=O)O
2mcit,CC(C(=O)O)C(O)(CC(=O)O)C(=O)O
2me4p,C[C@](O)(CO)[C@H](O)COP(=O)(O)O
2mecdp,C[C@@]1(CO)OP(=O)(O)OP(=O)(O)OC[C@H]1O
2obut,CCC(=O)C(=O)O
2odec11eg3p,CCCCCC/C=C\CCCCCCCCCC(=O)OC(CO)COP(=O)(O)O
2odecg3p,CCCCCCCCCCCCCCCCCC(=O)O[C@H](CO)COP(=O)([O-])[O-]
2ohph,CC(C)=CCC/C(C)=C/CC/C(C)=C/CC/C(C)=C/CC/C(C)=C/CC/C(C)=C/CC/C(C)=C/CC/C(C)=C/Cc1cccc(O)c1O
2ombzl,COc1cc(O)cc(C/C=C(\C)CC/C=C(\C)CC/C=C(\C)CC/C=C(\C)CC/C=C(\C)CC/C=C(\C)CC/C=C(\C)CCC=C(C)C)c1O
2omhmbl,COc1c(O)c(O)c(C)c(C/C=C(\C)CC/C=C(\C)CC/C=C(\C)CC/C=C(\C)CC/C=C(\C)CC/C=C(\C)CC/C=C(\C)CCC=C(C)C)c1O
2ommbl,COC1=CC(O)C(C)=C(C/C=C(\C)CC/C=C(\C)CC/C=C(\C)CC/C=C(\C)CC/C=C(\C)CC/C=C(\C)CC/C=C(\C)CCC=C(C)C)C1O
2omph,COc1cccc(C/C=C(\C)CC/C=C(\C)CC/C=C(\C)CC/C=C(\C)CC/C=C(\C)CC/C=C(\C)CC/C=C(\C)CCC=C(C)C)c1O
2oph,CC(C)=CCC/C(C)=C/CC/C(C)=C/CC/C(C)=C/CC/C(C)=C/CC/C(C)=C/CC/C(C)=C/CC/C(C)=C/Cc1ccccc1O
2oxpaccoa,CC(C)(COP(=O)(O)OP(=O)(O)OC[C@H]1O[C@@H](n2cnc3c(N)ncnc32)[C@H](O)[C@@H]1OP(=O)(O)O)[C@@H](O)C(O)=NCCC(O)=NCCSC(=O)/C=C1/CC=CC=CO1
2p4c2me,C[C@@](CO)(OP(=O)(O)O)[C@H](O)COP(=O)(O)OP(=O)(O)OC[C@H]1O[C@@H](n2ccc(=N)nc2O)[C@H](O)[C@@H]1O
2pg,O=C(O)[C@@H](CO)OP(=O)(O)O
2pglyc,O=C(O)COP(=O)(O)O
2sephchc,C=C(O[C@H]1C=C[C@H](C(=O)CCC(=O)O)[C@@H](C(=O)O)[C@@H]1O)C(=O)O
2shchc,O=C(O)CCC(=O)C1=CC=C[C@@H](O)[C@@H]1C(=O)O
2tdec7eg3p,CCCCCC/C=C\CCCCCC(=O)OC(CO)COP(=O)(O)O
2tdecg3p,CCCCCCCCCCCCCC(=O)OC(CO)COP(=O)(O)O
2tpr3dpcoa,CC(C)(COP(=O)(O)OP(=O)(O)OC[C@H]1O[C@@H](n2cnc3c(N)ncnc32)[C@H](O[C@H]2O[C@H](COP(=O)(O)OP(=O)(O)OP(=O)(O)O)[C@@H](O)[C@H]2O)[C@@H]1O)[C@@H](O)C(O)=NCCC(O)=NCCS
34dhpac,O=CCc1ccc(O)c(O)c1
34dhpha,O=C(O)Cc1ccc([O-])c(O)c1
34dphacoa,CC(C)(COP(=O)(O)OP(=O)(O)OC[C@H]1O[C@@H](n2cnc3c(N)ncnc32)[C@H](O)[C@@H]1OP(=O)(O)O)[C@@H](O)C([O-])=NCCC([O-])=NCCSC(=O)Cc1ccc([O-])c([O-])c1
34hpp,O=C(O)C(=O)Cc1ccc(O)cc1
35cgmp,N=c1nc(O)c2ncn([C@@H]3O[C@@H]4COP(=O)(O)O[C@H]4[C@H]3O)c2[nH]1
36dahx,NCCC[C@H](N)CC(=O)[O-]
3amac,N/C=C\C(=O)[O-]
3amp,Nc1ncnc2c1ncn2[C@@H]1O[C@H](CO)[C@@H](OP(=O)(O)O)[C@H]1O
3c2hmp,CC(C)[C@H](C(=O)O)[C@@H](O)C(=O)O
3c3hmp,CC(C)C(O)(CC(=O)O)C(=O)O
3c4mop,CC(C)[C@H](C(=O)O)C(=O)C(=O)O
3cmp,N=c1ccn([C@@H]2O[C@H](COP(=O)(O)O)[C@@H](O)[C@H]2O)c(O)n1
3dhguln,O=C(O)[C@@H](O)C(=O)[C@H](O)[C@@H](O)CO
3dhgulnp,O=C([O-])[C@@H](O)C(=O)[C@H](O)[C@@H](O)COP(=O)([O-])[O-]
3dhq,O=C1C[C@@](O)(C(=O)O)C[C@@H](O)[C@@H]1O
3dhsk,O=C(O)C1=CC(=O)[C@@H](O)[C@H](O)C1
3gmp,N=c1nc(O)c2ncn([C@@H]3O[C@H](CO)[C@@H](OP(=O)(O)O)[C@H]3O)c2[nH]1
3haACP,COc1cc(O)c2c(=O)c(OC)c(-c3ccc(O)c(O)c3)oc2c1
3hadpcoa,CC(C)(COP(=O)(O)OP(=O)(O)OC[C@H]1O[C@@H](n2cnc3c(N)ncnc32)[C@H](O)[C@@H]1OP(=O)(O)O)[C@@H](O)C(O)=NCCC(O)=NCCSC(=O)C[C@@H](O)CCC(=O)O
3hbcoa,C[C@H](O)CC(=O)SCCN=C(O)CCN=C(O)[C@H](O)C(C)(C)COP(=O)(O)OP(=O)(O)OC[C@H]1O[C@@H](n2cnc3c(N)ncnc32)[C@H](O)[C@@H]1OP(=O)(O)O
3hbz,O=C(O)c1cccc([O-])c1
3hbzcoa,CC(C)(COP(=O)(O)OP(=O)(O)OC[C@H]1O[C@@H](n2cnc3c(N)ncnc32)[C@H](O)[C@@H]1OP(=O)([O-])O)[C@@H](O)C([O-])=NCCC([O-])=NCCSC(=O)c1cccc([O-])c1
3hcinnm,O=C(O)/C=C/c1cccc(O)c1
3hdcoa,CCCCCCC[C@H](O)CC(=O)SCCN=C(O)CCN=C(O)[C@H](O)C(C)(C)COP(=O)(O)OP(=O)(O)OC[C@H]1O[C@@H](n2cnc3c(N)ncnc32)[C@H](O)[C@@H]1OP(=O)(O)O
3hddcoa,CCCCCCCCC[C@H](O)CC(=O)SCCN=C(O)CCN=C(O)C(O)C(C)(C)COP(=O)(O)OP(=O)(O)OC[C@H]1O[C@@H](n2cnc3c(N)ncnc32)[C@H](O)[C@@H]1OP(=O)(O)O
3hhcoa,CCC[C@H](O)CC(=O)SCCN=C(O)CCN=C(O)[C@H](O)C(C)(C)COP(=O)(O)OP(=O)(O)OC[C@H]1O[C@@H](n2cnc3c(N)ncnc32)[C@H](O)[C@@H]1OP(=O)(O)O
3hhdcoa,CCCCCCCCCCCCC[C@H](O)CC(=O)SCCN=C(O)CCN=C(O)C(O)C(C)(C)COP(=O)(O)OP(=O)(O)OC[C@H]1O[C@@H](n2cnc3c(N)ncnc32)[C@H](O)[C@@H]1OP(=O)(O)O
3hocoa,CCCCC[C@H](O)CC(=O)SCCN=C(O)CCN=C(O)[C@H](O)C(C)(C)COP(=O)(O)OP(=O)(O)OC[C@H]1O[C@@H](n2cnc3c(N)ncnc32)[C@H](O)[C@@H]1OP(=O)(O)O
3hodcoa,CCCCCCCCCCCCCCC[C@H](O)CC(=O)SCCN=C(O)CCN=C(O)[C@H](O)C(C)(C)COP(=O)(O)OP(=O)(O)OC[C@H]1O[C@@H](n2cnc3c(N)ncnc32)[C@H](O)[C@@H]1OP(=O)(O)O
3hpp,O=C([O-])CCO
3hppnl,O=CCCO
3hpppn,O=C(O)CCc1cccc([O-])c1
3htdcoa,CCCCCCCCCCC[C@H](O)CC(=O)SCCN=C(O)CCN=C(O)[C@H](O)C(C)(C)COP(=O)(O)OP(=O)(O)OC[C@H]1O[C@@H](n2cnc3c(N)ncnc32)[C@H](O)[C@@H]1OP(=O)(O)O
3ig3p,O=P(O)(O)OC[C@@H](O)[C@@H](O)c1c[nH]c2ccccc12
3mob,CC(C)C(=O)C(=O)O
3mop,CC[C@H](C)C(=O)C(=O)O
3odcoa,CCCCCCCC(=O)CC(=O)SCCN=C(O)CCN=C(O)[C@H](O)C(C)(C)COP(=O)(O)OP(=O)(O)OC[C@H]1O[C@@H](n2cnc3c(N)ncnc32)[C@H](O)[C@@H]1OP(=O)(O)O
3oddcoa,CCCCCCCCCC(=O)CC(=O)SCCN=C(O)CCN=C(O)[C@H](O)C(C)(C)COP(=O)(O)OP(=O)(O)OC[C@H]1O[C@@H](n2cnc3c(N)ncnc32)[C@H](O)[C@@H]1OP(=O)(O)O
3ohcoa,CCCC(=O)CC(=O)SCCN=C(O)CCN=C(O)[C@H](O)C(C)(C)COP(=O)(O)OP(=O)(O)OC[C@H]1O[C@@H](n2cnc3c(N)ncnc32)[C@H](O)[C@@H]1OP(=O)(O)O
3ohdcoa,CCCCCCCCCCCCCC(=O)CC(=O)SCCN=C(O)CCN=C(O)[C@H](O)C(C)(C)COP(=O)(O)OP(=O)(O)OC[C@H]1O[C@@H](n2cnc3c(N)ncnc32)C(O)C1OP(=O)(O)O
3ohodcoa,CCCCCCCCCCCCCCCC(=O)CC(=O)SCCN=C(O)CCN=C(O)[C@H](O)C(C)(C)COP(=O)(O)OP(=O)(O)OC[C@H]1O[C@@H](n2cnc3c(N)ncnc32)[C@H](O)[C@@H]1OP(=O)(O)O
3oocoa,CCCCCC(=O)CC(=O)SCCN=C(O)CCN=C(O)[C@H](O)C(C)(C)COP(=O)(O)OP(=O)(O)OC[C@H]1O[C@@H](n2cnc3c(N)ncnc32)[C@H](O)[C@@H]1OP(=O)(O)O
3ophb,CC(C)=CCC/C(C)=C/CC/C(C)=C/CC/C(C)=C/CC/C(C)=C/CC/C(C)=C/CC/C(C)=C/CC/C(C)=C/Cc1cc(C(=O)O)ccc1O
3otdcoa,CCCCCCCCCCCC(=O)CC(=O)SCCN=C(O)CCN=C(O)[C@H](O)C(C)(C)COP(=O)(O)OP(=O)(O)OC[C@H]1O[C@@H](n2cnc3c(N)ncnc32)[C@H](O)[C@@H]1OP(=O)(O)O
3oxdhscoa,CC(C)(COP(=O)(O)OP(=O)(O)OC[C@H]1O[C@@H](n2cnc3c(N)ncnc32)[C@H](O)[C@@H]1OP(=O)(O)O)[C@@H](O)C(O)=NCCC(O)=NCCSC(=O)CC(=O)C/C=C/CC(=O)O
3pg,O=C(O)[C@H](O)COP(=O)(O)O
3php,O=C(O)C(=O)COP(=O)(O)O
3psme,C=C(O[C@@H]1CC(C(=O)O)=C[C@@H](OP(=O)(O)O)[C@H]1O)C(=O)O
3sala,N[C@@H](CS(=O)O)C(=O)O
4abut,NCCCC(=O)O
4abutn,NCCCC=O
4abz,Nc1ccc(C(=O)[O-])cc1
4abzglu,Nc1ccc(C(=O)NC(CCC(=O)[O-])C(=O)[O-])cc1
4adcho,C=C(O[C@@H]1C=C(C(=O)[O-])C=C[C@H]1N)C(=O)[O-]
4ahmmp,Cc1ncc(CO)c(=N)[nH]1
4ampm,Cc1ncc(COP(=O)(O)O)c(=N)[nH]1
4c2me,C[C@](O)(CO)[C@H](O)COP(=O)(O)OP(=O)(O)OC[C@H]1O[C@@H](n2ccc(=N)nc2O)[C@H](O)[C@@H]1O
4crsol,Cc1ccc(O)cc1
4h2opntn,CC(O)CC(=O)C(=O)O
4hbz,O=C(O)c1ccc([O-])cc1
4hoxpacd,O=CCc1ccc(O)cc1
4hthr,N[C@H](C(=O)O)[C@H](O)CO
4mhetz,Cc1ncsc1CCO
4mop,CC(C)CC(=O)C(=O)O
4mpetz,Cc1ncsc1CCOP(=O)(O)O
4pasp,N[C@@H](CC(=O)OP(=O)(O)O)C(=O)O
4per,O=C(O)[C@H](O)[C@H](O)COP(=O)(O)O
4ppan,CC(C)(COP(=O)(O)O)[C@@H](O)C(O)=NCCC(=O)O
4ppcys,CC(C)(COP(=O)(O)O)[C@@H](O)C(O)=NCCC(O)=N[C@@H](CS)C(=O)O
4r5au,Nc1c(O)nc(O)nc1NCC(O)C(O)C(O)CO
56dura,OC1=NC(O)=NCC1
5aizc,Nc1c(C(=O)O)ncn1[C@@H]1O[C@H](COP(=O)(O)O)[C@@H](O)[C@H]1O
5aop,NCC(=O)CCC(=O)O
5aprbu,Nc1c(O)nc(O)nc1NCC(O)C(O)C(O)COP(=O)(O)O
5apru,Nc1c(O)nc(O)nc1N[C@@H]1O[C@H](COP(=O)(O)O)[C@@H](O)[C@H]1O
5caiz,O=C([O-])Nc1cncn1C1OC(COP(=O)([O-])[O-])C(O)C1O
5dglcn,O=C(CO)[C@@H](O)[C@H](O)[C@@H](O)C(=O)[O-]
5dh4dglc,O=C(O)C(=O)C[C@H](O)[C@@H](O)C(=O)O
5drib,C[C@@H](O)[C@@H](O)[C@@H](O)C=O
5fthf,N=c1nc(O)c2c([nH]1)NCC(CNc1ccc(C(=O)N[C@@H](CCC(=O)O)C(=O)O)cc1)N2C=O
5mta,CSC[C@H]1O[C@@H](n2cnc3c(N)ncnc32)[C@H](O)[C@@H]1O
5mthf,CN1c2c(O)nc(=N)[nH]c2NC[C@@H]1CNc1ccc(C(=O)N[C@@H](CCC(=O)O)C(=O)O)cc1
5mtr,CSC[C@H]1OC(O)[C@H](O)[C@@H]1O
5pg35pg,N=c1nc([O-])c2ncn([C@@H]3O[C@H](COP(=O)(O)O[C@@H]4[C@@H](COP(=O)([O-])O)O[C@@H](n5cnc6c([O-])nc(=N)[nH]c65)[C@@H]4O)[C@@H](O)[C@H]3O)c2[nH]1
5phdt,OC1=NC(c2ccccc2)C(O)=N1
5phua,CC(O)=NC(O)=Nc1ccccc1
5prdmbz,Cc1cc2ncn([C@H]3O[C@H](COP(=O)(O)O)[C@@H](O)[C@H]3O)c2cc1C
6hmhpt,N=c1nc(O)c2c([nH]1)NCC(CO)=N2
6hmhptpp,N=c1nc([O-])c2c([nH]1)NCC(COP(=O)(O)OP(=O)([O-])[O-])=N2
6pgc,O=C(O)[C@H](O)[C@@H](O)[C@H](O)[C@H](O)COP(=O)(O)O
6pgg,O=P(O)(O)OC[C@H]1O[C@@H](O[C@@H]2[C@@H](CO)O[C@@H](O)[C@H](O)[C@H]2O)[C@H](O)[C@@H](O)[C@@H]1O
6pgl,O=C1O[C@H](COP(=O)(O)O)[C@@H](O)[C@H](O)[C@H]1O
8aonn,CC(N)C(=O)CCCCCC(=O)O
LalaDgluMdapDala,CC(N)C(O)=NC(CCCC(N=C(O)CCC(N=C(O)C(C)N)C(=O)O)C(=O)O)C(=O)O
LalaDgluMdap,CC(N)C(O)=NC(CCCC(N=C(O)CCC(N=C(O)C(C)N)C(=O)O)C(=O)O)C(=O)O
LalaDglu,CC(N)C(O)=NC(CCC(=O)[O-])C(=O)O
LalaLglu,C[C@H](N)C(O)=N[C@@H](CCC(=O)[O-])C(=O)O
N1aspmd,CC(O)=NCCCNCCCCN
Nmtrp,CNC(Cc1c[nH]c2ccccc12)C(=O)O
S2hglut,O=C(O)CC[C@H](O)C(=O)O
Sfglutth,N[C@@H](CCC(O)=N[C@@H](CSC=O)C(O)=NCC(=O)O)C(=O)O
aacald,NCC=O
aacoa,CC(=O)CC(=O)SCCN=C(O)CCN=C(O)[C@H](O)C(C)(C)COP(=O)(O)OP(=O)(O)OC[C@H]1O[C@@H](n2cnc3c(N)ncnc32)[C@H](O)[C@@H]1OP(=O)(O)O
aact,CC(=O)CN
ac,CC(=O)[O-]
acac,CC(=O)CC(=O)[O-]
acald,CC=O
acampnt,CC([O-])=NCP(=O)(O)O
acanth,CC([O-])=Nc1ccccc1C(=O)O
accoa,CC(=O)SCCN=C(O)CCN=C(O)[C@H](O)C(C)(C)COP(=O)(O)OP(=O)(O)OC[C@H]1O[C@@H](n2cnc3c(N)ncnc32)[C@H](O)[C@@H]1OP(=O)(O)O
acetol,CC(=O)CO
acg5p,CC(O)=N[C@@H](CCC(=O)OP(=O)(O)O)C(=O)O
acg5sa,CC(O)=N[C@@H](CCC=O)C(=O)O
acgal1p,CC(O)=N[C@H]1C(OP(=O)(O)O)O[C@H](CO)[C@H](O)[C@@H]1O
acgal,CC(O)=N[C@H]1C(O)O[C@H](CO)[C@H](O)[C@@H]1O
acgam1p,CC(O)=N[C@H]1C(OP(=O)(O)O)O[C@H](CO)[C@@H](O)[C@@H]1O
acgam6p,CC(O)=N[C@H]1C(O)O[C@H](COP(=O)(O)O)[C@@H](O)[C@@H]1O
acgam,CC(O)=N[C@H]1C(O)O[C@H](CO)[C@@H](O)[C@@H]1O
acglc__D,CC(=O)OC[C@H]1OC(O)[C@H](O)[C@@H](O)[C@@H]1O
acglu,CC(O)=N[C@@H](CCC(=O)O)C(=O)O
acmalt,CC(=O)OC[C@H]1O[C@H](O[C@@H]2[C@@H](CO)OC(O)[C@H](O)[C@H]2O)[C@H](O)[C@@H](O)[C@@H]1O
acmana,CC(O)=N[C@@H]1C(O)O[C@H](CO)[C@@H](O)[C@@H]1O
acmanap,CC(O)=N[C@@H]1C(O)O[C@H](COP(=O)(O)O)[C@@H](O)[C@@H]1O
acmet,CSCC[C@H](N=C(C)O)C(=O)O
acmum6p,CC(O)=N[C@H]1C(O)O[C@H](COP(=O)(O)O)[C@@H](O)[C@@H]1O[C@H](C)C(=O)O
acmum,CC([O-])=N[C@H]1C(O)O[C@H](CO)[C@@H](O)[C@@H]1O[C@H](C)C(=O)O
acnam,CC(O)=N[C@@H]1[C@@H](O)CC(O)(C(=O)O)O[C@H]1[C@H](O)[C@H](O)CO
acolipa,CCCCCCCCCCCCCC(=O)O[C@H](CCCCCCCCCCC)CC(=O)O[C@H]1[C@H](OP(=O)(O)OC2OCC(N)C(O)C2O)C(COC2(C(=O)[O-])CC(OC3(C(=O)[O-])CC(OC4(C(=O)[O-])CC(O)C(O)C(C(O)CO)O4)C(OC4OC(C)C(O)C(O)C4O)C(C(O)CO)O3)C(OC3OC(C(O)CO)C(OP(=O)([O-])[O-])C(OC4OC(C(O)COC5OC(C(O)CO)C(O)C(O)C5O)C(OP(=O)([O-])[O-])C(OC5OC(COC6OC(CO)C(O)C(O)C6O)C(O)C(OC6OC(CO)C(O)C(O)C6OC6OC(COC7OC(C(O)CO)C(O)C(O)C7O)C(O)C(O)C6O)C5O)C4O)C3O)C(C(O)CO)O2)O[C@@H](OC[C@H]2OC(OP(=O)(O)O)[C@H](N=C([O-])C[C@H](O)CCCCCCCCCCC)[C@@H](OC(=O)C[C@H](O)CCCCCCCCCCC)[C@@H]2O)[C@@H]1N=C([O-])C[C@@H](CCCCCCCCCCC)OC(=O)CCCCCCCCCCC
acon_C,O=C(O)/C=C(/CC(=O)O)C(=O)O
acon_T,O=C(O)/C=C(\CC(=O)O)C(=O)O
aconm,COC(=O)/C(=C/C(=O)[O-])CC(=O)[O-]
acorn,CC(O)=N[C@@H](CCCN)C(=O)O
acser,CC(=O)OC[C@H](N)C(=O)O
actp,CC(=O)OP(=O)(O)O
ade,Nc1nc[nH]c2ncnc1-2
adn,Nc1ncnc2c1ncn2[C@@H]1O[C@H](CO)[C@@H](O)[C@H]1O
adocbi,CC1=C2N=C(C=C3N=C(C(C)=C4N[C@@](C)([C@@H]5N=C1[C@](C)(CCC(O)=NC[C@@H](C)O)[C@H]5CC(=N)O)[C@@](C)(CC(=N)O)[C@@H]4CCC(=N)O)[C@@](C)(CC(=N)O)[C@@H]3CCC([NH-])=O)C(C)(C)[C@@H]2CCC(=N)O.[CH2-][C@H]1O[C@@H](n2cnc3c(N)ncnc32)[C@H](O)[C@@H]1O.[Co]
adocbip,CC1=C2N=C(C=C3N=C(C(C)=C4N[C@@](C)([C@@H]5N=C1[C@](C)(CCC(O)=NC[C@@H](C)OP(=O)(O)O)[C@H]5CC(=N)O)[C@@](C)(CC(=N)O)[C@@H]4CCC(=N)O)[C@@](C)(CC(=N)O)[C@@H]3CCC([NH-])=O)C(C)(C)[C@@H]2CCC(=N)O.[CH2-][C@H]1O[C@@H](n2cnc3c(N)ncnc32)[C@H](O)[C@@H]1O.[Co]
adocbl,CC1=C2N=C(C=C3N=C(C(C)=C4N[C@@](C)(C5N=C1[C@](C)(CCC(O)=NCC(C)OP(=O)(O)OC1C(O)[C@@H]([n+]6c[nH]c7cc(C)c(C)cc76)O[C@@H]1CO)[C@H]5CC(=N)O)[C@@](C)(CC(=N)O)[C@@H]4CCC(=N)[O-])[C@@](C)(CC(=N)O)[C@@H]3CCC(=N)[O-])C(C)(C)[C@@H]2CCC(=N)[O-].[CH2-]C1O[C@H](n2cnc3c(N)ncnc32)[C@@H](O)[C@H]1O.[Co+3]
adp,Nc1ncnc2c1ncn2[C@@H]1O[C@H](COP(=O)(O)OP(=O)(O)O)[C@@H](O)[C@H]1O
adpglc,Nc1ncnc2c1ncn2[C@@H]1O[C@H](COP(=O)(O)OP(=O)(O)O[C@H]2O[C@H](CO)[C@@H](O)[C@H](O)[C@H]2O)[C@@H](O)[C@H]1O
adphep_DD,Nc1ncnc2c1ncn2[C@@H]1O[C@H](COP(=O)(O)OP(=O)(O)OC2O[C@H]([C@H](O)CO)[C@@H](O)[C@H](O)[C@@H]2O)[C@@H](O)[C@H]1O
adphep_LD,Nc1ncnc2c1ncn2[C@@H]1O[C@H](COP(=O)(O)OP(=O)(O)OC2O[C@H]([C@@H](O)CO)[C@@H](O)[C@H](O)[C@@H]2O)[C@@H](O)[C@H]1O
adprib,Nc1ncnc2c1ncn2C1OC(COP(=O)(O)OP(=O)(O)OCC2OC(O)C(O)C2O)C(O)C1O
ag,[Ag]
agdpcbi,CC1=C2N=C(C=C3N=C(C(C)=C4N[C@@](C)(C5N=C1[C@](C)(CCC(O)=NCC(C)OP(=O)(O)OP(=O)(O)OC[C@H]1O[C@@H]([n+]6c[nH]c7c(O)nc(=N)[nH]c76)[C@H](O)[C@@H]1O)[C@H]5CC(=N)O)[C@@](C)(CC(=N)O)[C@@H]4CCC(=N)O)[C@@](C)(CC(=N)O)[C@@H]3CCC(=N)[O-])C(C)(C)[C@@H]2CCC(=N)[O-].[CH2-][C@H]1O[C@@H](n2cnc3c(N)ncnc32)[C@H](O)[C@@H]1O.[Co+3]
agm,N=C(N)NCCCCN
ahcys,Nc1ncnc2c1ncn2[C@@H]1O[C@H](CSCC[C@H](N)C(=O)O)[C@@H](O)[C@H]1O
ahdt,N=c1nc(O)c2c([nH]1)NCC([C@H](O)[C@H](O)COP(=O)(O)OP(=O)(O)OP(=O)(O)O)=N2
aicar,N=C(O)c1ncn([C@@H]2O[C@H](COP(=O)(O)O)[C@@H](O)[C@H]2O)c1N
air,Nc1cncn1[C@@H]1O[C@H](COP(=O)(O)O)[C@@H](O)[C@H]1O
akg,O=C(O)CCC(=O)C(=O)O
ala_B,NCCC(=O)O
ala__D,C[C@@H](N)C(=O)O
ala__L,C[C@H](N)C(=O)O
alaala,C[C@@H](N)C(O)=N[C@H](C)C(=O)O
alac__S,CC(=O)[C@](C)(O)C(=O)O
all6p,O=C[C@H](O)[C@H](O)[C@H](O)[C@H](O)COP(=O)(O)O
all__D,OC[C@H]1OC(O)[C@H](O)[C@H](O)[C@@H]1O
alltn,N=C(O)NC1N=C(O)N=C1O
alltt,N=C(O)NC(NC(=N)O)C(=O)[O-]
allul6p,O=C(CO)[C@H](O)[C@H](O)[C@H](O)COP(=O)([O-])[O-]
altrn,O=C(O)[C@@H](O)[C@H](O)[C@H](O)[C@H](O)CO
amet,C[S+](CC[C@H](N)C(=O)[O-])C[C@H]1O[C@@H](n2cnc3c(N)ncnc32)[C@H](O)[C@@H]1O
ametam,C[S+](CCCN)C[C@H]1O[C@@H](n2cnc3c(N)ncnc32)[C@H](O)[C@@H]1O
amob,C[S+](CCC(=O)C(=O)O)C[C@H]1O[C@@H](n2cnc3c(N)ncnc32)[C@H](O)[C@@H]1O
amp,Nc1ncnc2c1ncn2[C@@H]1O[C@H](COP(=O)(O)O)[C@@H](O)[C@H]1O
ampnt,NCP(=O)([O-])O
anhgm3p,CC(O)=NC1=COC(CO)C(OC2OC(CO)C(O)C(O)C2N=C(C)O)C1OC(C)C(O)=NC(C)C(O)=NC(CCC(=O)O)C(O)=NC(CCCC(N)C(=O)O)C(=O)O
anhgm4p,CC(O)=N[C@H]1C2OCC(O2)C(O[C@@H]2O[C@H](CO)[C@@H](O)[C@H](O)[C@H]2N=C(C)O)[C@@H]1OC(C)C(O)=NC(C)C(O)=NC(CCC(=O)O)C(O)=NC(CCCC(N)C(=O)O)C(O)=NC(C)C(=O)O
anhgm,CC(O)=NC1C2OCC(O2)C(O[C@@H]2O[C@H](CO)[C@@H](O)[C@H](O)[C@H]2N=C(C)O)C1OC(C)C(=O)O
anhm3p,CC([O-])=N[C@H]1CO[C@H](CO)[C@@H](O)[C@@H]1O[C@H](C)C(O)=N[C@@H](C)C(O)=N[C@H](CCC(=O)[O-])C(O)=N[C@@H](CCCC(N)C(=O)O)C(=O)O
anhm4p,CC(O)=N[C@H]1CO[C@H](CO)[C@@H](O)[C@@H]1O[C@H](C)C(O)=N[C@@H](C)C(O)=N[C@H](CCC(=O)O)C(O)=N[C@@H](CCCC(N)C(=O)O)C(O)=NC(C)C(=O)O
anhm,CC([O-])=N[C@H]1[C@@H]2OC[C@@H](O2)[C@@H](O)[C@@H]1O[C@H](C)C(=O)O
anth,Nc1ccccc1C(=O)O
ap4a,Nc1ncnc2c1ncn2[C@@H]1O[C@H](COP(=O)(O)OP(=O)(O)OP(=O)(O)OP(=O)(O)OC[C@H]2O[C@@H](n3cnc4c(N)ncnc43)[C@H](O)[C@@H]2O)[C@@H](O)[C@H]1O
ap5a,Nc1ncnc2c1ncn2[C@@H]1O[C@H](COP(=O)(O)OP(=O)(O)OP(=O)(O)OP(=O)(O)OP(=O)(O)OC[C@H]2O[C@@H](n3cnc4c(N)ncnc43)[C@H](O)[C@@H]2O)[C@@H](O)[C@H]1O
apg120,CCCCCCCCCCCC(=O)OC[C@H](O)COP(=O)([O-])OC[C@@H](COC(=O)CCCCCCCCCCC)OC(=O)CCCCCCCCCCC
apg140,CCCCCCCCCCCCCC(=O)OC[C@H](O)COP(=O)([O-])OC[C@@H](COC(=O)CCCCCCCCCCCCC)OC(=O)CCCCCCCCCCCCC
apg141,CCCCCC/C=C/CCCCCC(=O)OCC(O)COP(=O)([O-])OCC(COC(=O)CCCCC/C=C/CCCCCC)OC(=O)CCCCC/C=C/CCCCCC
apg160,CCCCCCCCCCCCCCCC(=O)OC[C@H](O)COP(=O)([O-])OC[C@@H](COC(=O)CCCCCCCCCCCCCCC)OC(=O)CCCCCCCCCCCCCCC
apg161,CCCCCC/C=C/CCCCCCCC(=O)OCC(O)COP(=O)([O-])OCC(COC(=O)CCCCCCC/C=C/CCCCCC)OC(=O)CCCCCCC/C=C/CCCCCC
apg180,CCCCCCCCCCCCCCCCCC(=O)OC[C@H](O)COP(=O)([O-])OC[C@@H](COC(=O)CCCCCCCCCCCCCCCCC)OC(=O)CCCCCCCCCCCCCCCCC
apg181,CCCCCC/C=C/CCCCCCCCCC(=O)OCC(O)COP(=O)([O-])OCC(COC(=O)CCCCCCCCC/C=C/CCCCCC)OC(=O)CCCCCCCCC/C=C/CCCCCC
appl,CC(O)CN
aps,Nc1ncnc2c1ncn2[C@@H]1O[C@H](COP(=O)(O)OS(=O)(=O)O)[C@@H](O)[C@H]1O
ara5p,O=C[C@@H](O)[C@H](O)[C@H](O)COP(=O)(O)O
arab__D,O=C[C@@H](O)[C@H](O)[C@H](O)CO
arab__L,OC1OC[C@H](O)[C@H](O)[C@H]1O
aragund,CC(=O)OC1C(OC2C(O)C(CO)OC(OP(=O)(O)OP(=O)([O-])OC/C=C(\C)CC/C=C(\C)CC/C=C(\C)CC/C=C(\C)CC/C=C(\C)CC/C=C(\C)CC/C=C(\C)CC/C=C(\C)CC/C=C(\C)CC/C=C(\C)CCC=C(C)C)C2N=C(C)[O-])OC(C)C(O)C1O
arbt6p,O=P(O)(O)OC[C@H]1O[C@@H](Oc2ccc(O)cc2)[C@H](O)[C@@H](O)[C@@H]1O
arbt,OC[C@H]1O[C@@H](Oc2ccc(O)cc2)[C@H](O)[C@@H](O)[C@@H]1O
arbtn,CC(=O)N(O)CCCC[C@H](N=C([O-])CC(O)(CC([O-])=N[C@@H](CCCCN(O)C(C)=O)C(=O)O)C(=O)O)C(=O)[O-]
arbtn_fe3,CC(=O)N(O)CCCC[C@H](N=C(O)CC(O)(CC(O)=N[C@@H](CCCCN(O)C(C)=O)C(=O)O)C(=O)O)C(=O)O
arg__L,N=C(N)NCCC[C@H](N)C(=O)O
argsuc,N=C(NCCC[C@H](N)C(=O)O)N[C@@H](CC(=O)O)C(=O)O
ascb6p,O=C1O[C@H]([C@@H](O)COP(=O)([O-])O)C([O-])=C1[O-]
ascb__L,O=C1O[C@H]([C@@H](O)CO)C(O)=C1O
asn__L,N=C(O)C[C@H](N)C(=O)O
aso3,O[As](O)O
aso4,O=[As](O)(O)O
asp__L,N[C@@H](CC(=O)O)C(=O)O
aspsa,N[C@@H](CC=O)C(=O)O
athr__L,C[C@H](O)[C@H](N)C(=O)O
athtp,Cc1ncc(C[n+]2csc(CCOP(=O)([O-])OP(=O)([O-])OP(=O)([O-])OC[C@H]3O[C@@H](n4cnc5c(N)ncnc54)[C@H](O)[C@@H]3O)c2C)c(=N)[nH]1
atp,Nc1ncnc2c1ncn2[C@@H]1O[C@H](COP(=O)(O)OP(=O)(O)OP(=O)(O)O)[C@@H](O)[C@H]1O
b2coa,C/C=C/C(=O)SCCN=C(O)CCN=C(O)[C@H](O)C(C)(C)COP(=O)(O)OP(=O)(O)OC[C@H]1O[C@@H](n2cnc3c(N)ncnc32)[C@H](O)[C@@H]1OP(=O)(O)O
bbtcoa,CC(C)(COP(=O)(O)OP(=O)(O)OC[C@H]1O[C@@H](n2cnc3c(N)ncnc32)[C@H](O)[C@@H]1OP(=O)(O)O)[C@@H](O)C(O)=NCCC(O)=NCCSC(=O)CCC[N+](C)(C)C
betald,C[N+](C)(C)CC=O
bglycogen,OC[C@H]1O[C@H](OC[C@H]2O[C@H](O[C@@H]3[C@@H](CO)O[C@H](O)[C@H](O)[C@H]3O)[C@H](O)[C@@H](O)[C@@H]2O[C@H]2O[C@H](CO)[C@@H](O)[C@H](O)[C@H]2O)[C@H](O)[C@@H](O)[C@@H]1O
bmocogdp,N=c1nc(O)c2c([nH]1)NC1OC(COP(=O)(O)OP(=O)(O)OCC3O[C@@H](n4cnc5c(O)nc(=N)[nH]c54)[C@H](O)[C@@H]3O)C(S)=C(S)C1N2.N=c1nc([O-])c2c([nH]1)NC1OC(COP(=O)([O-])OP(=O)([O-])OCC3O[C@@H](n4cnc5c([O-])nc(=N)[nH]c54)[C@H](O)[C@@H]3O)C(S)=C(S)C1N2.[Mo+4]
btal,CCCC=O
btcoa,CCCC(=O)SCCN=C(O)CCN=C(O)[C@H](O)C(C)(C)COP(=O)(O)OP(=O)(O)OC[C@H]1O[C@@H](n2cnc3c(N)ncnc32)[C@H](O)[C@@H]1OP(=O)(O)O
btn,O=C(O)CCCC[C@@H]1SC[C@@H]2N=C(O)N[C@H]12
btnso,O=C([O-])CCCC[C@H]1[C@H]2NC(O)=N[C@H]2CS1=O
but,CCCC(=O)O
butso3,CCCCS(=O)(=O)[O-]
ca2,[Ca]
camp,Nc1ncnc2c1ncn2[C@@H]1O[C@@H]2COP(=O)(O)O[C@H]2[C@H]1O
cbasp,N=C(O)N[C@@H](CC(=O)O)C(=O)O
cbi,CC1=C2N=C(C=C3N=C(C(C)=C4N[C@@](C)([C@@H]5N=C1[C@](C)(CCC(O)=NC[C@@H](C)O)[C@H]5CC(=N)O)[C@@](C)(CC(=N)O)[C@@H]4CCC(=N)O)[C@@](C)(CC(=N)O)[C@@H]3CCC([NH-])=O)C(C)(C)[C@@H]2CCC(=N)O.[Co+3]
cbl1,CC1=C2N=C(C=C3N=C(C(C)=C4N[C@@](C)([C@@H]5N=C1[C@](C)(CCC(O)=NC[C@@H](C)OP(=O)(O)O[C@@H]1[C@@H](CO)O[C@H]([n+]6c[nH]c7cc(C)c(C)cc76)[C@@H]1O)[C@H]5CC(=N)O)[C@@](C)(CC(=N)O)[C@@H]4CCC(=N)O)[C@@](C)(CC(=N)O)[C@@H]3CCC(=N)[O-])C(C)(C)[C@@H]2CCC(=N)[O-].[Co]
cbm,NC(=O)[O-]
cbp,N=C(O)OP(=O)(O)O
cd2,[Cd]
cdg,N=c1nc(O)c2c(C(=O)O)c[nH]c2[nH]1
cdp,N=c1ccn([C@@H]2O[C@H](COP(=O)(O)OP(=O)(O)O)[C@@H](O)[C@H]2O)c(O)n1
cdpdddecg,CCCCCCCCCCCC(=O)OC[C@H](COP(=O)(O)OP(=O)(O)OC[C@H]1O[C@@H](n2ccc(=N)nc2O)[C@H](O)[C@@H]1O)OC(=O)CCCCCCCCCCC
cdpdhdec9eg,CCCCCCC=CCCCCCCCC(=O)OC[C@H](COP(=O)(O)OP(=O)(O)OC[C@H]1O[C@@H](n2ccc(=N)nc2O)[C@H](O)[C@@H]1O)OC(=O)CCCCCCCC=CCCCCCC
cdpdhdecg,CCCCCCCCCCCCCCCC(=O)OC[C@H](COP(=O)(O)OP(=O)(O)OC[C@H]1O[C@@H](n2ccc(=N)nc2O)[C@H](O)[C@@H]1O)OC(=O)CCCCCCCCCCCCCCC
cdpdodec11eg,CCCCCCC=CCCCCCCCCCC(=O)OC[C@H](COP(=O)(O)OP(=O)(O)OC[C@H]1O[C@@H](n2ccc(=N)nc2O)[C@H](O)[C@@H]1O)OC(=O)CCCCCCCCCC=CCCCCCC
cdpdodecg,CCCCCCCCCCCCCCCCCC(=O)OC[C@H](COP(=O)([O-])OP(=O)(O)OC[C@H]1O[C@@H](n2ccc(=N)nc2[O-])[C@H](O)[C@@H]1O)OC(=O)CCCCCCCCCCCCCCCCC
cdpdtdec7eg,CCCCCCC=CCCCCCC(=O)OC[C@H](COP(=O)(O)OP(=O)(O)OC[C@H]1O[C@@H](n2ccc(=N)nc2O)[C@H](O)[C@@H]1O)OC(=O)CCCCCC=CCCCCCC
cdpdtdecg,CCCCCCCCCCCCCC(=O)OC[C@H](COP(=O)(O)OP(=O)(O)OC[C@H]1O[C@@H](n2ccc(=N)nc2O)[C@H](O)[C@@H]1O)OC(=O)CCCCCCCCCCCCC
cechddd,O=C([O-])CCC1=CC=C[C@@H](O)[C@H]1O
cellb,OCC1OC(OC2C(CO)OC(O)C(O)C2O)C(O)C(O)C1O
cenchddd,O=C(O)/C=C/C1=CC=C[C@H](O)[C@@H]1O
cgly,N[C@@H](CS)C(O)=NCC(=O)O
ch4,C
chol,C[N+](C)(C)CCO
cholate,C[C@H](CCC(=O)O)[C@H]1CC[C@H]2[C@H]3[C@H](C[C@H](O)[C@@]21C)[C@@]1(C)CC[C@@H](O)C[C@H]1C[C@H]3O
chor,C=C(O[C@@H]1C=C(C(=O)O)C=C[C@H]1O)C(=O)O
chtbs6p,CC([O-])=N[C@H]1C(O)O[C@H](CO)[C@@H](O[C@@H]2O[C@H](COP(=O)(O)O)[C@@H](O)[C@H](O)[C@H]2N=C(C)[O-])[C@@H]1O
chtbs,CC(O)=N[C@H]1C(O)O[C@H](CO)[C@@H](O[C@@H]2O[C@H](CO)[C@@H](O)[C@H](O)[C@H]2N=C(C)O)[C@@H]1O
cinnm,O=C(O)/C=C/c1ccccc1
cit,O=C([O-])CC(O)(CC(=O)[O-])C(=O)[O-]
citr__L,N=C(O)NCCC[C@H](N)C(=O)O
ckdo,N=c1ccn([C@@H]2O[C@H](COP(=O)(O)O[C@@]3(C(=O)O)C[C@@H](O)[C@@H](O)[C@@H]([C@H](O)CO)O3)[C@@H](O)[C@H]2O)c(O)n1
cl,[Cl-]
clpn140,CCCCCCCCCCCCCC(=O)OC[C@H](COP(=O)([O-])OCC(O)COP(=O)([O-])OC[C@@H](COC(=O)CCCCCCCCCCCCC)OC(=O)CCCCCCCCCCCCC)OC(=O)CCCCCCCCCCCCC
clpn160,CCCCCCCCCCCCCCCC(=O)OC[C@H](COP(=O)([O-])OCC(O)COP(=O)([O-])OC[C@@H](COC(=O)CCCCCCCCCCCCCCC)OC(=O)CCCCCCCCCCCCCCC)OC(=O)CCCCCCCCCCCCCCC
clpn161,CCCCCC/C=C/CCCCCCCC(=O)OC[C@H](COP(=O)([O-])OCC(O)COP(=O)([O-])OC[C@@H](COC(=O)CCCCCCC/C=C/CCCCCC)OC(=O)CCCCCCC/C=C/CCCCCC)OC(=O)CCCCCCC/C=C/CCCCCC
clpn181,CCCCCC/C=C/CCCCCCCCCC(=O)OC[C@H](COP(=O)([O-])OCC(O)COP(=O)([O-])OC[C@@H](COC(=O)CCCCCCCCC/C=C/CCCCCC)OC(=O)CCCCCCCCC/C=C/CCCCCC)OC(=O)CCCCCCCCC/C=C/CCCCCC
cm,O=[N+]([O-])c1ccc([C@@H](O)[C@@H](CO)N=C(O)C(Cl)Cl)cc1
cmp,N=c1ccn([C@@H]2O[C@H](COP(=O)(O)O)[C@@H](O)[C@H]2O)c(O)n1
co2,O=C=O
coa,CC(C)(COP(=O)(O)OP(=O)(O)OC[C@H]1O[C@@H](n2cnc3c(N)ncnc32)[C@H](O)[C@@H]1OP(=O)(O)O)[C@@H](O)C(O)=NCCC(O)=NCCS
cobalt2,[Co+2]
colipa,CCCCCCCCCCCCCC(=O)O[C@H](CCCCCCCCCCC)CC(=O)O[C@H]1[C@H](OP(=O)([O-])[O-])C(COC2(C(=O)[O-])CC(OC3(C(=O)[O-])CC(OC4(C(=O)[O-])CC(O)C(O)C(C(O)CO)O4)C(OC4OC(C)C(O)C(O)C4O)C(C(O)CO)O3)C(OC3OC(C(O)CO)C(OP(=O)([O-])[O-])C(OC4OC(C(O)COC5OC(C(O)CO)C(O)C(O)C5O)C(OP(=O)([O-])[O-])C(OC5OC(COC6OC(CO)C(O)C(O)C6O)C(O)C(OC6OC(CO)C(O)C(O)C6OC6OC(COC7OC(C(O)CO)C(O)C(O)C7O)C(O)C(O)C6O)C5O)C4O)C3O)C(C(O)CO)O2)O[C@@H](OC[C@H]2OC(OP(=O)(O)O)[C@H](N=C([O-])C[C@H](O)CCCCCCCCCCC)[C@@H](OC(=O)C[C@H](O)CCCCCCCCCCC)[C@@H]2O)[C@@H]1N=C([O-])C[C@@H](CCCCCCCCCCC)OC(=O)CCCCCCCCCCC
cpe160,CCCCCCC1CC1CCCCCCCC(=O)OC[C@H](COP(=O)(O)OCCN)OC(=O)CCCCCCCC1CC1CCCCCC
cpe180,CCCCCCC1CC1CCCCCCCCCC(=O)N(CCOP(=O)([O-])OCC(O)CO)C(=O)CCCCCCCCCC1CC1CCCCCC
cpg160,CCCCCCC1CC1CCCCCCCC(=O)OC[C@H](COP(=O)([O-])OC[C@@H](O)CO)OC(=O)CCCCCCCC1CC1CCCCCC
cpg180,CCCCCCC1CC1CCCCCCCCCC(=O)OC[C@H](COP(=O)([O-])OC[C@@H](O)CO)OC(=O)CCCCCCCCCC1CC1CCCCCC
cpgn,CC(O)=NC(CCCN([O-])C(=O)/C=C(\C)CCO)C(=O)OCC/C(C)=C\C(=O)N([O-])CCCC1N=C(O)C(CCCN([O-])C(=O)/C=C(/C)CCO)N=C1O.[Fe+3]
cpgn_un,CC(=CC(=O)N(O)CCCC1N=C(O)C(CCCN(O)C(=O)C=C(C)CCOC(=O)CC(CCN(O)C(=O)C=C(C)CCO)N=C(C)O)N=C1O)CCO
cph4,N=c1nc([O-])c2c([nH]1)NCC(C(=O)O)N2
cpmp,N=c1nc(O)c2c([nH]1)N[C@@H]1O[C@@H]3COP(=O)(O)O[C@@H]3C(O)(O)[C@@H]1N2
cpppg3,Cc1c2[nH]c(c1CCC(=O)O)Cc1[nH]c(c(CCC(=O)O)c1C)Cc1[nH]c(c(CCC(=O)O)c1C)Cc1[nH]c(c(C)c1CCC(=O)O)C2
crnDcoa,CC(C)(COP(=O)([O-])OP(=O)(O)OC[C@H]1O[C@@H](n2cnc3c(N)ncnc32)[C@H](O)[C@@H]1OP(=O)([O-])O)[C@@H](O)C([O-])=NCCC([O-])=NCCSC(=O)C[C@H](O)C[N+](C)(C)C
crn__D,C[N+](C)(C)C[C@@H](O)CC(=O)[O-]
crn,C[N+](C)(C)C[C@H](O)CC(=O)[O-]
crncoa,CC(C)(COP(=O)([O-])OP(=O)(O)OCC1OC(n2cnc3c(N)ncnc32)C(O)C1OP(=O)([O-])O)C(O)C([O-])=NCCC([O-])=NCCSC(=O)CC(O)C[N+](C)(C)C
cs1,[Cs+]
csn,N=c1ccnc(O)[nH]1
ctbt,C[N+](C)(C)C/C=C/C(=O)[O-]
ctbtcoa,CC(C)(COP(=O)(O)OP(=O)(O)OC[C@H]1O[C@@H](n2cnc3c(N)ncnc32)[C@H](O)[C@@H]1OP(=O)(O)O)[C@@H](O)C(O)=NCCC(O)=NCCSC(=O)/C=C/C[N+](C)(C)C
ctp,N=c1ccn([C@@H]2O[C@H](COP(=O)(O)OP(=O)(O)OP(=O)(O)O)[C@@H](O)[C@H]2O)c(O)n1
cu2,[Cu+2]
cu,[Cu+]
cur,COc1cc(/C=C/C(=O)CC(=O)/C=C/c2ccc(O)c(OC)c2)ccc1O
cxsam,Nc1ncnc2c1ncn2[C@@H]1O[C@H](C[S+](CC[C@H](N)C(=O)[O-])CC(=O)O)[C@@H](O)[C@H]1O
cyan,C#N
cynt,N#C[O-]
cys__D,N[C@H](CS)C(=O)O
cys__L,N[C@@H](CS)C(=O)O
cysi__L,N[C@@H](CSSC[C@H](N)C(=O)O)C(=O)O
cyst__L,N[C@@H](CCSC[C@H](N)C(=O)O)C(=O)O
cytd,N=c1ccn([C@@H]2O[C@H](CO)[C@@H](O)[C@H]2O)c(O)n1
dad_2,Nc1ncnc2c1ncn2[C@H]1C[C@H](O)[C@@H](CO)O1
dad_5,C[C@H]1O[C@@H](n2cnc3c(N)ncnc32)[C@H](O)[C@@H]1O
dadp,Nc1ncnc2c1ncn2[C@H]1C[C@H](O)[C@@H](COP(=O)(O)OP(=O)(O)O)O1
damp,Nc1ncnc2c1ncn2[C@H]1C[C@H](O)[C@@H](COP(=O)(O)O)O1
dann,CC(N)C(N)CCCCCC(=O)O
datp,Nc1ncnc2c1ncn2[C@H]1C[C@H](O)[C@@H](COP(=O)(O)OP(=O)(O)OP(=O)(O)O)O1
db4p,CC(=O)C(O)COP(=O)(O)O
dc2coa,CCCCCCC/C=C/C(=O)SCCN=C(O)CCN=C(O)[C@H](O)C(C)(C)COP(=O)(O)OP(=O)(O)OC[C@H]1O[C@@H](n2cnc3c(N)ncnc32)[C@H](O)[C@@H]1OP(=O)(O)O
dca,CCCCCCCCCC(=O)[O-]
dcacoa,CCCCCCCCCC(=O)SCCN=C(O)CCN=C(O)C(O)C(C)(C)COP(=O)(O)OP(=O)(O)OC[C@H]1O[C@@H](n2cnc3c(N)ncnc32)[C@H](O)[C@@H]1OP(=O)(O)O
dcamp,O=C(O)CC(Nc1ncnc2c1ncn2[C@@H]1O[C@H](COP(=O)(O)O)[C@@H](O)[C@H]1O)C(=O)O
dcdp,N=c1ccn([C@H]2C[C@H](O)[C@@H](COP(=O)(O)OP(=O)(O)O)O2)c(O)n1
dcmp,N=c1ccn([C@H]2C[C@H](O)[C@@H](COP(=O)(O)O)O2)c(O)n1
dctp,N=c1ccn([C@H]2C[C@H](O)[C@@H](COP(=O)(O)OP(=O)(O)OP(=O)(O)O)O2)c(O)n1
dcyt,N=c1ccn([C@H]2C[C@H](O)[C@@H](CO)O2)c(O)n1
dd2coa,CCCCCCCCC/C=C/C(=O)SCCN=C(O)CCN=C(O)[C@H](O)C(C)(C)COP(=O)(O)OP(=O)(O)OC[C@H]1O[C@@H](n2cnc3c(N)ncnc32)[C@H](O)[C@@H]1OP(=O)(O)O
ddca,CCCCCCCCCCCC(=O)[O-]
ddcacoa,CCCCCCCCCCCC(=O)SCCN=C([O-])CCN=C([O-])[C@H](O)C(C)(C)COP(=O)(O)OP(=O)(O)OC[C@H]1O[C@@H](n2cnc3c(N)ncnc32)[C@H](O)[C@@H]1OP(=O)([O-])[O-]
ddcap,CCCCCCCCCCCC(=O)OP(=O)([O-])[O-]
dgdp,N=c1nc(O)c2ncn([C@H]3C[C@H](O)[C@@H](COP(=O)(O)OP(=O)(O)O)O3)c2[nH]1
dgmp,N=c1nc(O)c2ncn([C@H]3C[C@H](O)[C@@H](COP(=O)(O)O)O3)c2[nH]1
dgslnt,N[C@@H](CCC(O)=N[C@@H](CS[Se]SC[C@H](N=C(O)CC[C@H](N)C(=O)O)C(O)=NCC(=O)O)C(O)=NCC(=O)O)C(=O)O
dgsn,N=c1nc(O)c2ncn([C@H]3C[C@H](O)[C@@H](CO)O3)c2[nH]1
dgtp,N=c1nc(O)c2ncn([C@H]3C[C@H](O)[C@@H](COP(=O)(O)OP(=O)(O)OP(=O)(O)O)O3)c2[nH]1
dha,O=C(CO)CO
dhap,O=C(CO)COP(=O)(O)O
dhcinnm,O=C(O)C=Cc1cccc(O)c1O
dhcur,COc1cc(/C=C/C(=O)CC(=O)CCc2ccc(O)c(OC)c2)ccc1O
dhf,N=c1nc(O)c2c([nH]1)NCC(CNc1ccc(C(=O)N[C@@H](CCC(=O)O)C(=O)O)cc1)=N2
dhgly,N=CC(=O)O
dhmpt,N=c1nc(O)c2c([nH]1)NCC([C@H](O)[C@@H](O)CO)=N2
dhmptp,N=c1nc([O-])c2c([nH]1)NCC([C@H](O)[C@@H](O)COP(=O)([O-])OP(=O)(O)OP(=O)([O-])[O-])=N2
dhna,O=C(O)c1cc(O)c2ccccc2c1O
dhnpt,N=c1nc(O)c2c([nH]1)NCC([C@H](O)[C@H](O)CO)=N2
dhor__S,O=C(O)[C@@H]1CC(O)=NC(O)=N1
dhpppn,O=C(O)CCc1cccc([O-])c1O
dhps,O=S(=O)([O-])CC(O)CO
dhpt,N=c1nc(O)c2c([nH]1)NCC(CNc1ccc(C(=O)O)cc1)=N2
dhptd,CC(=O)C(=O)C(O)CO
dhptdd,CC(=O)C(O)C(=O)COP(=O)([O-])[O-]
dhptdn,c1ncc2c(n1)=NCCN=2
dhptdp,CC(=O)C(=O)[C@@H](O)COP(=O)([O-])[O-]
didp,O=P(O)(O)OP(=O)(O)OC[C@H]1O[C@@H](n2cnc3c(O)ncnc32)C[C@@H]1O
dimp,O=P(O)(O)OC[C@H]1O[C@@H](n2cnc3c(O)ncnc32)C[C@@H]1O
din,OC[C@H]1O[C@@H](n2cnc3c(O)ncnc32)C[C@@H]1O
ditp,O=P(O)(O)OP(=O)(O)OP(=O)(O)OC[C@H]1O[C@@H](n2cnc3c(O)ncnc32)C[C@@H]1O
dkdglcn,O=C(O)C(=O)C[C@H](O)C(=O)CO
dmbzid,Cc1cc2nc[nH]c2cc1C
dmlz,Cc1nc2c(O)nc(=O)nc-2n(C[C@H](O)[C@H](O)[C@H](O)CO)c1C
dmpp,CC(C)=CCOP(=O)(O)OP(=O)(O)O
dms,CSC
dmso,CS(C)=O
dnad,Nc1ncnc2c1ncn2[C@@H]1O[C@H](COP(=O)(O)OP(=O)(O)OC[C@H]2O[C@@H]([n+]3cccc(C(=O)O)c3)[C@H](O)[C@@H]2O)[C@@H](O)[C@H]1O
dopa,NCCc1ccc(O)c(O)c1
doxrbcn,COc1cccc2c1C(=O)c1c(O)c3c(c(O)c1C2=O)C[C@@](O)(C(=O)CO)C[C@@H]3O[C@H]1C[C@H](N)[C@H](O)[C@H](C)O1
dpcoa,CC(C)(COP(=O)(O)OP(=O)(O)OC[C@H]1O[C@@H](n2cnc3c(N)ncnc32)[C@H](O)[C@@H]1O)[C@@H](O)C(O)=NCCC(O)=NCCS
dscl,C[C@@]1(CC(=O)O)C2=N/C(=C\c3[nH]c(c(CCC(=O)O)c3CC(=O)O)Cc3[nH]c(c(CC(=O)O)c3CCC(=O)O)/C=C3\N/C(=C\2)[C@@H](CCC(=O)O)[C@]3(C)CC(=O)O)[C@H]1CCC(=O)O
dt5hsu,O=C[C@H](O)[C@@H](O)CC(=O)C(=O)[O-]
dtbt,CC1N=C(O)NC1CCCCCC(=O)O
dtdp4aaddg,CC(O)=N[C@@H]1[C@H](O)[C@@H](O)C(OP(=O)(O)OP(=O)(O)OC[C@H]2O[C@@H](n3cc(C)c(O)nc3=O)C[C@@H]2O)O[C@@H]1C
dtdp4addg,Cc1cn([C@H]2C[C@H](O)[C@@H](COP(=O)(O)OP(=O)(O)O[C@H]3O[C@H](C)[C@H](N)[C@H](O)[C@H]3O)O2)c(=O)nc1O
dtdp4d6dg,Cc1cn([C@H]2C[C@H](O)[C@@H](COP(=O)(O)OP(=O)(O)O[C@H]3O[C@H](C)C(=O)[C@H](O)[C@H]3O)O2)c(=O)nc1O
dtdp4d6dm,Cc1cn([C@H]2C[C@H](O)[C@@H](COP(=O)(O)OP(=O)(O)OC3O[C@@H](C)C(=O)[C@@H](O)[C@H]3O)O2)c(=O)nc1O
dtdp,Cc1cn([C@H]2C[C@H](O)[C@@H](COP(=O)(O)OP(=O)(O)O)O2)c(=O)nc1O
dtdpglu,Cc1cn([C@H]2C[C@H](O)[C@@H](COP(=O)(O)OP(=O)(O)OC3O[C@H](CO)[C@@H](O)[C@H](O)[C@H]3O)O2)c(=O)nc1O
dtdprmn,Cc1cn([C@H]2C[C@H](O)[C@@H](COP(=O)(O)OP(=O)(O)O[C@H]3O[C@@H](C)[C@H](O)[C@@H](O)[C@H]3O)O2)c(=O)nc1O
dtgcl,OCCSSCCO
dtmp,Cc1cn([C@H]2C[C@H](O)[C@@H](COP(=O)(O)O)O2)c(=O)nc1O
dttp,Cc1cn([C@H]2C[C@H](O)[C@@H](COP(=O)(O)OP(=O)(O)OP(=O)(O)O)O2)c(=O)nc1O
dudp,O=c1nc(O)ccn1[C@H]1C[C@H](O)[C@@H](COP(=O)(O)OP(=O)(O)O)O1
dump,O=c1nc(O)ccn1[C@H]1C[C@H](O)[C@@H](COP(=O)(O)O)O1
duri,O=c1nc(O)ccn1[C@H]1C[C@H](O)[C@@H](CO)O1
dutp,O=c1nc(O)ccn1[C@H]1C[C@H](O)[C@@H](COP(=O)(O)OP(=O)(O)OP(=O)(O)O)O1
dxyl5p,CC(=O)[C@@H](O)[C@H](O)COP(=O)(O)O
dxyl,CC(=O)[C@@H](O)[C@H](O)CO
dxylnt,O=C([O-])[C@H](O)[C@@H](O)[C@H](O)CO
e4p,O=C[C@H](O)[C@H](O)COP(=O)(O)O
eig3p,O=P(O)(O)OC[C@@H](O)[C@@H](O)c1cnc[nH]1
enter,O=C1OC[C@H](N=C(O)c2cccc(O)c2O)C(=O)OC[C@H](N=C(O)c2cccc(O)c2O)C(=O)OC[C@@H]1N=C(O)c1cccc(O)c1O
erthrs,O=C[C@H](O)[C@H](O)CO
etha,NCCO
ethso3,CCS(=O)(=O)[O-]
etoh,CCO
f1p,O=P(O)(O)OCC1(O)O[C@H](CO)[C@@H](O)[C@@H]1O
f6p,O=P(O)(O)OC[C@H]1OC(O)(CO)[C@@H](O)[C@@H]1O
f,[F-]
fad,Cc1cc2nc3c(O)nc(=O)nc-3n(C[C@H](O)[C@H](O)[C@H](O)COP(=O)(O)OP(=O)(O)OC[C@H]3O[C@@H](n4cnc5c(N)ncnc54)[C@H](O)[C@@H]3O)c2cc1C
fadh2,Cc1cc2c(cc1C)N(C[C@H](O)[C@H](O)[C@H](O)COP(=O)(O)OP(=O)(O)OC[C@H]1O[C@@H](n3cnc4c(N)ncnc43)[C@H](O)[C@@H]1O)c1nc(O)nc(O)c1N2
fald,C=O
fc1p,C[C@H](O)[C@@H](O)[C@@H](O)C(=O)COP(=O)(O)O
fcl__L,C[C@H](O)[C@@H](O)[C@@H](O)C(=O)CO
fdp,O=P(O)(O)OC[C@H]1O[C@@](O)(COP(=O)(O)O)[C@@H](O)[C@@H]1O
fe2,[Fe+2]
fe3,[Fe+3]
fe3dcit,OC(O)CC(O)(CC(O)O)C(O)O.OC(O)CC(O)(CC(O)O)C(O)O.[Fe]
fe3dhbzs,O=C(O)[C@H](CO)N=C(O)c1cccc(O)c1O.[Fe]
fecrm,CC(=O)N(O)CCC[C@@H]1N=C(O)C[NH+]=C(O)C[NH+]=C(O)C[NH+]=C(O)[C@H](CCCN(O)C(C)=O)N=C(O)[C@H](CCCN(O)C(C)=O)N=C1O.[Fe]
fecrm_un,CC(=O)N(O)CCC[C@@H]1N=C(O)[C@H](CCCN(O)C(C)=O)N=C(O)[C@H](CCCN(O)C=O)N=C(O)CN=C(O)CN=C(O)CN=C1O
feenter,O=C1OC[C@H](N=C(O)c2cccc([O-])c2[O-])C(=O)OC[C@H](N=C(O)c2cccc([O-])c2[O-])C(=O)OC[C@@H]1N=C(O)c1cccc([O-])c1[O-].[Fe+3]
feoxam,CC(=O)N(O)CCCCCN=C(O)CCC(=O)N(O)CCCCCN=C(O)CCC(=O)N(O)CCCCCN.[Fe]
fgam,O=P(O)(O)OC[C@H]1O[C@@H](N=C(O)CN=CO)[C@H](O)[C@@H]1O
fmn,Cc1cc2nc3c(O)nc(=O)nc-3n(C[C@H](O)[C@H](O)[C@H](O)COP(=O)(O)O)c2cc1C
fmnh2,Cc1cc2c(cc1C)N(C[C@H](O)[C@H](O)[C@H](O)COP(=O)(O)O)c1nc(O)nc(O)c1N2
for,O=C[O-]
forcoa,CC(C)(COP(=O)(O)OP(=O)(O)OC[C@H]1O[C@@H](n2cnc3c(N)ncnc32)[C@H](O)[C@@H]1OP(=O)(O)O)[C@@H](O)C(O)=NCCC(O)=NCCSC=O
fpram,N=C(N=CO)N[C@@H]1O[C@H](OP(=O)(O)O)[C@@H](O)[C@H]1O
fprica,NC(=O)c1ncn([C@@H]2O[C@H](COP(=O)(O)O)[C@@H](O)[C@H]2O)c1N=CO
frdp,CC(C)=CCC/C(C)=C/CC/C(C)=C/COP(=O)(O)OP(=O)(O)O
fru,OCC1(O)OC[C@@H](O)[C@@H](O)[C@@H]1O
frulys,N[C@@H](CCCCNCC(=O)[C@@H](O)[C@H](O)[C@H](O)CO)C(=O)O
frulysp,NC(CCCCNC1OC(COP(=O)(O)O)C(O)C(O)C1=O)C(=O)O
fruur,O=C(O)[C@H]1OC(O)(CO)[C@@H](O)[C@@H]1O
fuc__L,C[C@@H]1OC(O)[C@@H](O)[C@H](O)[C@@H]1O
fum,O=C([O-])/C=C/C(=O)[O-]
fusa,CC(=O)O[C@H]1C[C@@]2(C)[C@@H](C[C@@H](O)[C@H]3[C@@]4(C)CC[C@@H](O)[C@@H](C)[C@@H]4CC[C@@]32C)/C1=C(\CCC=C(C)C)C(=O)O
g1p,O=P(O)(O)O[C@H]1O[C@H](CO)[C@@H](O)[C@H](O)[C@H]1O
g3p,O=CC(O)COP(=O)(O)O
g3pc,C[N+](C)(C)CCOP(=O)([O-])OC[C@H](O)CO
g3pe,NCCOP(=O)(O)OC[C@H](O)CO
g3pg,O=P(O)(OCC(O)CO)OCC(O)CO
g3pi,O=P(O)(OC[C@H](O)CO)OC1[C@H](O)[C@@H](O)C(O)[C@@H](O)[C@H]1O
g3ps,N[C@@H](COP(=O)(O)OCC(O)CO)C(=O)O
g6p,O=P(O)(O)OC[C@H]1OC(O)[C@H](O)[C@@H](O)[C@@H]1O
gagicolipa,CCCCCCCCCCCCCC(=O)O[C@H](CCCCCCCCCCC)CC(=O)O[C@H]1[C@H](OP(=O)([O-])[O-])C(COC2(C(=O)[O-])CC(OC3(C(=O)[O-])CC(OC4(C(=O)[O-])CC(O)C(O)C(C(O)CO)O4)C(OC4OC(C)C(O)C(O)C4O)C(C(O)CO)O3)C(OC3OC(C(O)CO)C(OP(=O)([O-])[O-])C(OC4OC(C(O)COC5OC(C(O)CO)C(O)C(O)C5O)C(OP(=O)([O-])[O-])C(OC5OC(COC6OC(CO)C(O)C(O)C6O)C(O)C(O)C5O)C4O)C3O)C(C(O)CO)O2)O[C@@H](OC[C@H]2OC(OP(=O)(O)O)[C@H](N=C([O-])C[C@H](O)CCCCCCCCCCC)[C@@H](OC(=O)C[C@H](O)CCCCCCCCCCC)[C@@H]2O)[C@@H]1N=C([O-])C[C@@H](CCCCCCCCCCC)OC(=O)CCCCCCCCCCC
gal1p,O=P(O)(O)O[C@H]1O[C@H](CO)[C@H](O)[C@H](O)[C@H]1O
gal_bD,OC[C@H]1O[C@@H](O)[C@H](O)[C@@H](O)[C@H]1O
gal,OC[C@H]1OC(O)[C@H](O)[C@@H](O)[C@H]1O
galct__D,O=C(O)[C@@H](O)[C@H](O)[C@H](O)[C@@H](O)C(=O)O
galctn__D,O=C([O-])[C@H](O)[C@@H](O)[C@@H](O)[C@H](O)CO
galctn__L,O=C(O)[C@@H](O)[C@H](O)[C@H](O)[C@@H](O)CO
galt1p,O=P(O)(O)OC[C@H](O)[C@@H](O)[C@@H](O)[C@H](O)CO
galt,OC[C@H](O)[C@@H](O)[C@@H](O)[C@H](O)CO
galur,O=C(O)[C@H]1OC(O)[C@H](O)[C@@H](O)[C@H]1O
gam1p,N[C@H]1[C@@H](OP(=O)(O)O)O[C@H](CO)[C@@H](O)[C@@H]1O
gam6p,N[C@H]1C(O)O[C@H](COP(=O)(O)O)[C@@H](O)[C@@H]1O
gam,N[C@H]1C(O)O[C@H](CO)[C@@H](O)[C@@H]1O
gar,NCC(O)=N[C@@H]1O[C@H](COP(=O)(O)O)[C@@H](O)[C@H]1O
garagund,CC(=O)OC1C(OC2C(O)C(CO)OC(OP(=O)(O)OP(=O)([O-])OC/C=C(\C)CC/C=C(\C)CC/C=C(\C)CC/C=C(\C)CC/C=C(\C)CC/C=C(\C)CC/C=C(\C)CC/C=C(\C)CC/C=C(\C)CC/C=C(\C)CCC=C(C)C)C2N=C(C)[O-])OC(C)C(O)C1OC1OC(CO)C(O)C(O)C1O
gbbtn,C[N+](C)(C)CCCC(=O)[O-]
gcald,O=CCO
gdp,N=c1nc(O)c2ncn([C@@H]3O[C@H](COP(=O)(O)OP(=O)(O)O)[C@@H](O)[C@H]3O)c2[nH]1
gdpddman,C[C@H]1O[C@H](OP(=O)(O)OP(=O)(O)OC[C@H]2O[C@@H](n3cnc4c(O)nc(=N)[nH]c43)[C@H](O)[C@@H]2O)[C@@H](O)[C@@H](O)C1=O
gdpfuc,C[C@@H]1OC(OP(=O)(O)OP(=O)(O)OC[C@H]2O[C@@H](n3cnc4c(O)nc(=N)[nH]c43)[C@H](O)[C@@H]2O)[C@@H](O)[C@H](O)[C@@H]1O
gdpmann,N=c1nc(O)c2ncn([C@@H]3O[C@H](COP(=O)(O)OP(=O)(O)O[C@H]4O[C@H](CO)[C@@H](O)[C@H](O)[C@@H]4O)[C@@H](O)[C@H]3O)c2[nH]1
gdpofuc,C[C@@H]1OC(OP(=O)(O)OP(=O)(O)OC[C@H]2O[C@@H](n3cnc4c(O)nc(=N)[nH]c43)[C@H](O)[C@@H]2O)[C@@H](O)[C@H](O)C1=O
gdptp,N=c1nc(O)c2ncn([C@@H]3O[C@H](COP(=O)(O)OP(=O)(O)OP(=O)(O)O)[C@@H](OP(=O)(O)OP(=O)(O)O)[C@H]3O)c2[nH]1
gfgaragund,CC(=O)OC1C(OC2C(O)C(CO)OC(OP(=O)(O)OP(=O)([O-])OC/C=C(\C)CC/C=C(\C)CC/C=C(\C)CC/C=C(\C)CC/C=C(\C)CC/C=C(\C)CC/C=C(\C)CC/C=C(\C)CC/C=C(\C)CC/C=C(\C)CCC=C(C)C)C2N=C(C)[O-])OC(C)C(O)C1OC1OC(COC2OC(C(O)CO)C(O)C2O)C(O)C(O)C1O
gg4abut,N[C@@H](CCC(O)=NCCCC(=O)O)C(=O)O
ggagicolipa,CCCCCCCCCCCCCC(=O)O[C@H](CCCCCCCCCCC)CC(=O)O[C@H]1[C@H](OP(=O)([O-])[O-])C(COC2(C(=O)[O-])CC(OC3(C(=O)[O-])CC(OC4(C(=O)[O-])CC(O)C(O)C(C(O)CO)O4)C(OC4OC(C)C(O)C(O)C4O)C(C(O)CO)O3)C(OC3OC(C(O)CO)C(OP(=O)([O-])[O-])C(OC4OC(C(O)COC5OC(C(O)CO)C(O)C(O)C5O)C(OP(=O)([O-])[O-])C(OC5OC(COC6OC(CO)C(O)C(O)C6O)C(O)C(OC6OC(CO)C(O)C(O)C6O)C5O)C4O)C3O)C(C(O)CO)O2)O[C@@H](OC[C@H]2OC(OP(=O)(O)O)[C@H](N=C([O-])C[C@H](O)CCCCCCCCCCC)[C@@H](OC(=O)C[C@H](O)CCCCCCCCCCC)[C@@H]2O)[C@@H]1N=C([O-])C[C@@H](CCCCCCCCCCC)OC(=O)CCCCCCCCCCC
ggbutal,N[C@@H](CCC(O)=NCCCC=O)C(=O)O
gggagicolipa,CCCCCCCCCCCCCC(=O)O[C@H](CCCCCCCCCCC)CC(=O)O[C@H]1[C@H](OP(=O)([O-])[O-])C(COC2(C(=O)[O-])CC(OC3(C(=O)[O-])CC(OC4(C(=O)[O-])CC(O)C(O)C(C(O)CO)O4)C(OC4OC(C)C(O)C(O)C4O)C(C(O)CO)O3)C(OC3OC(C(O)CO)C(OP(=O)([O-])[O-])C(OC4OC(C(O)COC5OC(C(O)CO)C(O)C(O)C5O)C(OP(=O)([O-])[O-])C(OC5OC(COC6OC(CO)C(O)C(O)C6O)C(O)C(OC6OC(CO)C(O)C(O)C6OC6OC(CO)C(O)C(O)C6O)C5O)C4O)C3O)C(C(O)CO)O2)O[C@@H](OC[C@H]2OC(OP(=O)(O)O)[C@H](N=C([O-])C[C@H](O)CCCCCCCCCCC)[C@@H](OC(=O)C[C@H](O)CCCCCCCCCCC)[C@@H]2O)[C@@H]1N=C([O-])C[C@@H](CCCCCCCCCCC)OC(=O)CCCCCCCCCCC
ggptrc,NCCCCN=C(O)CC[C@H](N)C(=O)O
ghb,O=C(O)CCCO
gicolipa,CCCCCCCCCCCCCC(=O)O[C@H](CCCCCCCCCCC)CC(=O)O[C@H]1[C@H](OP(=O)([O-])[O-])C(COC2(C(=O)[O-])CC(OC3(C(=O)[O-])CC(OC4(C(=O)[O-])CC(O)C(O)C(C(O)CO)O4)C(OC4OC(C)C(O)C(O)C4O)C(C(O)CO)O3)C(OC3OC(C(O)CO)C(OP(=O)([O-])[O-])C(OC4OC(C(O)COC5OC(C(O)CO)C(O)C(O)C5O)C(OP(=O)([O-])[O-])C(OC5OC(CO)C(O)C(O)C5O)C4O)C3O)C(C(O)CO)O2)O[C@@H](OC[C@H]2OC(OP(=O)(O)O)[C@H](N=C([O-])C[C@H](O)CCCCCCCCCCC)[C@@H](OC(=O)C[C@H](O)CCCCCCCCCCC)[C@@H]2O)[C@@H]1N=C([O-])C[C@@H](CCCCCCCCCCC)OC(=O)CCCCCCCCCCC
glc__D,OC[C@H]1OC(O)[C@H](O)[C@@H](O)[C@@H]1O
glcn,O=C([O-])[C@H](O)[C@@H](O)[C@H](O)[C@H](O)CO
glcr,O=C(O)[C@@H](O)[C@@H](O)[C@H](O)[C@@H](O)C(=O)O
glcur1p,O=C([O-])[C@H]1OC(OP(=O)(O)O)[C@H](O)[C@@H](O)[C@@H]1O
glcur,O=C(O)[C@H]1OC(O)[C@H](O)[C@@H](O)[C@@H]1O
gln__L,N=C(O)CC[C@H](N)C(=O)O
glu1sa,N[C@H](C=O)CCC(=O)O
glu5p,N[C@@H](CCC(=O)OP(=O)(O)O)C(=O)O
glu5sa,N[C@@H](CCC=O)C(=O)O
glu__D,N[C@H](CCC(=O)O)C(=O)O
glu__L,N[C@@H](CCC(=O)O)C(=O)O
glucys,N[C@@H](CCC(O)=N[C@@H](CS)C(=O)O)C(=O)O
glx,O=CC(=O)[O-]
gly,NCC(=O)O
glyald,O=C[C@H](O)CO
glyb,C[N+](C)(C)CC(=O)[O-]
glyc2p,O=P(O)(O)OC(CO)CO
glyc3p,O=P(O)(O)OCC(O)CO
glyc__R,O=C(O)[C@H](O)CO
glyc,OCC(O)CO
glyclt,O=C([O-])CO
glycogen,OC[C@H]1O[C@H](OC[C@H]2O[C@H](O[C@@H]3[C@@H](CO)O[C@H](O)[C@H](O)[C@H]3O)[C@H](O)[C@@H](O)[C@@H]2O[C@H]2O[C@H](CO)[C@@H](O)[C@H](O)[C@H]2O)[C@H](O)[C@@H](O)[C@@H]1O
gmhep17bp,O=P(O)(O)OC[C@@H](O)[C@H]1OC(OP(=O)(O)O)[C@@H](O)[C@@H](O)[C@@H]1O
gmhep1p,O=P(O)(O)OC1O[C@H]([C@H](O)CO)[C@@H](O)[C@H](O)[C@@H]1O
gmhep7p,O=P(O)(O)OC[C@@H](O)[C@H]1OC(O)[C@@H](O)[C@@H](O)[C@@H]1O
gmp,N=c1nc(O)c2ncn([C@@H]3O[C@H](COP(=O)(O)O)[C@@H](O)[C@H]3O)c2[nH]1
gp4g,N=c1nc(O)c2ncn([C@@H]3O[C@H](COP(=O)(O)OP(=O)(O)OP(=O)(O)OP(=O)(O)OC[C@H]4O[C@@H](n5cnc6c(O)nc(=N)[nH]c65)[C@H](O)[C@@H]4O)[C@@H](O)[C@H]3O)c2[nH]1
grdp,CC(C)=CCC/C(C)=C/COP(=O)(O)OP(=O)(O)O
gsn,N=c1nc(O)c2ncn([C@@H]3O[C@H](CO)[C@@H](O)[C@H]3O)c2[nH]1
gthox,N[C@@H](CCC(O)=N[C@@H](CSSC[C@H](N=C(O)CC[C@H](N)C(=O)O)C(O)=NCC(=O)O)C(O)=NCC(=O)O)C(=O)O
gthrd,N[C@@H](CCC(O)=N[C@@H](CS)C(O)=NCC(=O)O)C(=O)O
gtp,N=c1nc(O)c2ncn([C@@H]3O[C@H](COP(=O)(O)OP(=O)(O)OP(=O)(O)O)[C@@H](O)[C@H]3O)c2[nH]1
gtspmd,NCCCCNCCCN=C(O)CN=C(O)[C@H](CS)N=C(O)CC[C@H](N)C(=O)O
gua,N=c1nc(O)c2nc[nH]c2[nH]1
h2,[HH]
h2mb4p,C/C(=C\COP(=O)([O-])OP(=O)([O-])[O-])CO
h2o2,OO
h2o,O
h2s,S
h,[H+]
hco3,O=C([O-])O
hcys__L,N[C@@H](CCS)C(=O)O
hdca,CCCCCCCCCCCCCCCC(=O)[O-]
hdcap,CCCCCCCCCCCCCCCC(=O)OP(=O)([O-])[O-]
hdcea,CCCCCC/C=C\CCCCCCCC(=O)O
hdceap,CCCCCCCCCCCCCCCC(=O)OP(=O)([O-])[O-]
hdcoa,CCCCCCCCCCCCC/C=C/C(=O)SCCN=C([O-])CCN=C([O-])[C@H](O)C(C)(C)COP(=O)(O)OP(=O)(O)OC[C@H]1O[C@@H](n2cnc3c(N)ncnc32)[C@H](O)[C@@H]1OP(=O)([O-])[O-]
hdd2coa,CCCCCCCCCCCCC/C=C/C(=O)SCCN=C(O)CCN=C(O)[C@H](O)C(C)(C)COP(=O)(O)OP(=O)(O)OC[C@H]1O[C@@H](n2cnc3c(N)ncnc32)[C@H](O)[C@@H]1OP(=O)(O)O
hemeO,C=CC1=C(C)c2cc3[nH]c(cc4[n-]c(cc5nc(cc1n2)C(C)=C5CCC(=O)O)c(CCC(=O)[O-])c4C)c(C)c3C(O)CC/C=C(\C)CC/C=C(\C)CCC=C(C)C.[Fe+2]
hg2,[Hg+2]
hhlipa,CCCCCCCCCCCCCC(=O)O[C@H](CCCCCCCCCCC)CC(=O)O[C@H]1[C@H](OP(=O)([O-])[O-])[C@@H](CO[C@]2(C(=O)[O-])C[C@@H](O[C@]3(C(=O)[O-])C[C@@H](O)[C@@H](O)[C@@H]([C@H](O)CO)O3)[C@@H](O[C@H]3O[C@H]([C@@H](O)CO)[C@@H](O)[C@H](O[C@H]4O[C@H]([C@@H](O)CO)[C@@H](O)[C@H](O)[C@@H]4O)[C@@H]3O)[C@@H]([C@H](O)CO)O2)O[C@@H](OC[C@H]2O[C@H](OP(=O)(O)O)[C@H](N=C([O-])C[C@H](O)CCCCCCCCCCC)[C@@H](OC(=O)C[C@H](O)CCCCCCCCCCC)[C@@H]2O)[C@@H]1N=C([O-])C[C@@H](CCCCCCCCCCC)OC(=O)CCCCCCCCCCC
his__L,N[C@@H](Cc1cnc[nH]1)C(=O)O
hisp,N[C@H](COP(=O)(O)O)Cc1cnc[nH]1
histd,N[C@H](CO)Cc1cnc[nH]1
hkndd,O=C(O)CCC(=O)/C=C/C=C(\O)C(=O)O
hkntd,O=C(O)/C=C/C(=O)/C=C/C=C(\O)C(=O)O
hlipa,CCCCCCCCCCCCCC(=O)O[C@H](CCCCCCCCCCC)CC(=O)O[C@H]1[C@H](OP(=O)(O)O)[C@@H](CO[C@]2(C(=O)O)C[C@@H](OC3(C(O)O)CC(O)C(O)C(C(O)CO)O3)[C@@H](OC3OC([C@@H](O)CO)[C@@H](O)[C@H](OC4OC([C@@H](O)CO)[C@@H](O)[C@H](O)[C@@H]4O)[C@@H]3O)[C@@H]([C@H](O)CO)O2)O[C@@H](OC[C@H]2O[C@H](OP(=O)(O)O)[C@H](N=C(O)C[C@H](O)CCCCCCCCCCC)[C@@H](OC(=O)C[C@H](O)CCCCCCCCCCC)[C@@H]2O)[C@@H]1N=C(O)C[C@@H](CCCCCCCCCCC)OC(=O)CCCCCCCCCCC
hmbil,O=C(O)CCc1c[nH]c(Cc2[nH]c(Cc3[nH]c(Cc4[nH]c(CO)c(CC(=O)O)c4CCC(=O)O)c(CC(=O)O)c3CCC(=O)O)c(CC(=O)O)c2CCC(=O)O)c1CC(=O)O
hmgth,O=C(O)CN=C(O)[C@H](CS)N=C(O)CC[C@H](NCO)C(=O)O
hom__L,N[C@@H](CCO)C(=O)O
hphhlipa,CCCCCCCCCCCCCC(=O)O[C@H](CCCCCCCCCCC)CC(=O)O[C@H]1[C@H](OP(=O)([O-])[O-])[C@@H](CO[C@]2(C(=O)[O-])C[C@@H](OC3(C(=O)[O-])CC(O)C(O)C(C(O)CO)O3)[C@@H](OC3OC([C@@H](O)CO)[C@@H](O)[C@H](OC4OC([C@@H](O)COC5OC(C(O)CO)C(O)C(O)C5O)[C@@H](OP(=O)([O-])[O-])[C@H](O)[C@@H]4O)[C@@H]3O)[C@@H]([C@H](O)CO)O2)O[C@@H](OC[C@H]2O[C@H](OP(=O)(O)O)[C@H](N=C([O-])C[C@H](O)CCCCCCCCCCC)[C@@H](OC(=O)C[C@H](O)CCCCCCCCCCC)[C@@H]2O)[C@@H]1N=C([O-])C[C@@H](CCCCCCCCCCC)OC(=O)CCCCCCCCCCC
hpyr,O=C(O)C(=O)CO
hqn,Oc1ccc(O)cc1
hx2coa,CCC/C=C/C(=O)SCCN=C(O)CCN=C(O)[C@H](O)C(C)(C)COP(=O)(O)OP(=O)(O)OC[C@H]1O[C@@H](n2cnc3c(N)ncnc32)[C@H](O)[C@@H]1OP(=O)(O)O
hxa,CCCCCC(=O)[O-]
hxan,Oc1ncnc2[nH]cnc12
hxcoa,CCCCCC(=O)SCCN=C([O-])CCN=C([O-])[C@H](O)C(C)(C)COP(=O)(O)OP(=O)(O)OC[C@H]1O[C@@H](n2cnc3c(N)ncnc32)[C@H](O)[C@@H]1OP(=O)([O-])[O-]
iasp,N=C(CC(=O)O)C(=O)O
ichor,C=C(O[C@H]1C=CC=C(C(=O)O)[C@@H]1O)C(=O)O
icit,O=C(O)CC(C(=O)O)C(O)C(=O)O
icolipa,CCCCCCCCCCCCCC(=O)O[C@H](CCCCCCCCCCC)CC(=O)O[C@H]1[C@H](OP(=O)([O-])[O-])C(COC2(C(=O)[O-])CC(OC3(C(=O)[O-])CC(OC4(C(=O)[O-])CC(O)C(O)C(C(O)CO)O4)C(OC4OC(C)C(O)C(O)C4O)C(C(O)CO)O3)C(OC3OC(C(O)CO)C(OP(=O)([O-])[O-])C(OC4OC(C(O)COC5OC(C(O)CO)C(O)C(O)C5O)C(OP(=O)([O-])[O-])C(O)C4O)C3O)C(C(O)CO)O2)O[C@@H](OC[C@H]2O[C@H](OP(=O)(O)O)[C@H](N=C([O-])C[C@H](O)CCCCCCCCCCC)[C@@H](OC(=O)C[C@H](O)CCCCCCCCCCC)[C@@H]2O)[C@@H]1N=C([O-])C[C@@H](CCCCCCCCCCC)OC(=O)CCCCCCCCCCC
idon__L,O=C(O)[C@H](O)[C@@H](O)[C@H](O)[C@@H](O)CO
idp,O=P(O)(O)OP(=O)(O)OC[C@H]1O[C@@H](n2cnc3c(O)ncnc32)[C@H](O)[C@@H]1O
ile__L,CC[C@H](C)[C@H](N)C(=O)O
imacp,O=C(COP(=O)(O)O)Cc1cnc[nH]1
imp,O=P(O)(O)OC[C@H]1O[C@@H](n2cnc3c(O)ncnc32)[C@H](O)[C@@H]1O
indole,c1ccc2[nH]ccc2c1
inost,OC1C(O)C(O)C(O)C(O)C1O
ins,OC[C@H]1O[C@@H](n2cnc3c(O)ncnc32)[C@H](O)[C@@H]1O
ipdp,C=C(C)CCOP(=O)(O)OP(=O)(O)O
iprimv,O=C[C@H](O)[C@@H](O)[C@H](O)[C@H](O)CO[C@H]1OC[C@@H](O)[C@H](O)[C@H]1O
isetac,O=S(=O)(O)CCO
itp,O=P(O)(O)OP(=O)(O)OP(=O)(O)OC[C@H]1O[C@@H](n2cnc3c(O)ncnc32)[C@H](O)[C@@H]1O
k,[K]
kdo2lipid4,CCCCCCCCCCC[C@@H](O)CC(=O)O[C@H]1[C@H](O)[C@@H](CO[C@@H]2O[C@H](CO[C@]3(C(=O)O)C[C@@H](O[C@]4(C(=O)O)C[C@@H](O)[C@@H](O)[C@@H]([C@H](O)CO)O4)[C@@H](O)[C@@H]([C@H](O)CO)O3)[C@@H](OP(=O)(O)O)[C@H](OC(=O)C[C@H](O)CCCCCCCCCCC)[C@H]2N=C(O)C[C@H](O)CCCCCCCCCCC)O[C@H](OP(=O)(O)O)[C@@H]1N=C(O)C[C@H](O)CCCCCCCCCCC
kdo8p,O=C(O)C(=O)C[C@@H](O)[C@@H](O)[C@H](O)[C@H](O)COP(=O)(O)O
kdo,O=C(O)C(=O)C[C@@H](O)[C@@H](O)[C@H](O)[C@H](O)CO
kdolipid4,CCCCCCCCCCC[C@@H](O)CC(=O)O[C@H]1[C@H](O)[C@@H](CO[C@@H]2O[C@H](CO[C@]3(C(=O)O)C[C@@H](O)[C@@H](O)[C@@H]([C@H](O)CO)O3)[C@@H](OP(=O)(O)O)[C@H](OC(=O)C[C@H](O)CCCCCCCCCCC)[C@H]2N=C(O)C[C@H](O)CCCCCCCCCCC)O[C@H](OP(=O)(O)O)[C@@H]1N=C(O)C[C@H](O)CCCCCCCCCCC
kphphhlipa,CCCCCCCCCCCCCC(=O)OC(CCCCCCCCCCC)CC(=O)OC1C(N=C([O-])CC(CCCCCCCCCCC)OC(=O)CCCCCCCCCCC)C(OCC2OC(OP(=O)(O)O)C(N=C([O-])CC(O)CCCCCCCCCCC)C(OC(=O)CC(O)CCCCCCCCCCC)C2O)OC(COC2(C(=O)[O-])CC(OC3(C(=O)[O-])CC(OC4(C(=O)[O-])CC(O)C(O)C(C(O)CO)O4)C(O)C(C(O)CO)O3)C(OC3OC(C(O)CO)C(OP(=O)([O-])[O-])C(OC4OC(C(O)COC5OC(C(O)CO)C(O)C(O)C5O)C(OP(=O)([O-])[O-])C(O)C4O)C3O)C(C(O)CO)O2)C1OP(=O)([O-])[O-]
lac__D,C[C@@H](O)C(=O)O
lac__L,C[C@H](O)C(=O)[O-]
lald__D,C[C@@H](O)C=O
lald__L,C[C@H](O)C=O
lcts,OC[C@H]1O[C@@H](O)[C@H](O)[C@@H](O)[C@@H]1O[C@@H]1O[C@H](CO)[C@H](O)[C@H](O)[C@H]1O
leu__L,CC(C)C[C@H](N)C(=O)O
lgt__S,C[C@@H](O)C(=O)SC[C@H](N=C(O)CC[C@H](N)C(=O)O)C(O)=NCC(=O)O
lipa_cold,CCCCCC/C=C\CCCCCCCC(=O)O[C@H](CCCCCCCCCCC)CC([O-])=N[C@H]1[C@H](OC[C@H]2O[C@H](OP(=O)(O)O)[C@H](N=C([O-])C[C@H](O)CCCCCCCCCCC)[C@@H](OC(=O)C[C@H](O)CCCCCCCCCCC)[C@@H]2O)O[C@H](CO[C@]2(C(=O)[O-])C[C@@H](O[C@]3(C(=O)[O-])C[C@@H](O)[C@@H](O)[C@@H]([C@H](O)CO)O3)[C@@H](O)[C@@H]([C@H](O)CO)O2)[C@@H](OP(=O)([O-])[O-])[C@@H]1OC(=O)C[C@@H](CCCCCCCCCCC)OC(=O)CCCCCCCCCCCCC
lipidA,CCCCCCCCCCC[C@@H](O)CC(=O)O[C@H]1[C@H](O)[C@@H](CO[C@@H]2O[C@H](CO)[C@@H](OP(=O)(O)O)[C@H](OC(=O)C[C@H](O)CCCCCCCCCCC)[C@H]2N=C(O)C[C@H](O)CCCCCCCCCCC)O[C@H](OP(=O)(O)O)[C@@H]1N=C(O)C[C@H](O)CCCCCCCCCCC
lipidAds,CCCCCCCCCCC[C@@H](O)CC(=O)O[C@H]1[C@H](O)[C@@H](CO)O[C@@H](OC[C@H]2O[C@H](OP(=O)(O)O)[C@H](N=C(O)C[C@H](O)CCCCCCCCCCC)[C@@H](OC(=O)C[C@H](O)CCCCCCCCCCC)[C@@H]2O)[C@@H]1N=C(O)C[C@H](O)CCCCCCCCCCC
lipoamp,Nc1ncnc2c1ncn2[C@@H]1O[C@H](COP(=O)(O)OC(=O)CCCCC2CCSS2)[C@@H](O)[C@H]1O
lipoate,O=C(O)CCCC[C@@H]1CCSS1
lipopb,O=C(O)CCCC[C@H]1CCSS1
lkdr,C[C@H](O)[C@H](O)CC(=O)C(=O)O
lys__L,NCCCC[C@H](N)C(=O)O
lyx__L,O=C(O)[C@H]1O[C@@H](O)[C@H](O)[C@@H](O)[C@H]1O
mal__D,O=C(O)C[C@@H](O)C(=O)O
mal__L,O=C(O)C[C@H](O)C(=O)O
malcoa,CC(C)(COP(=O)(O)OP(=O)(O)OC[C@H]1O[C@@H](n2cnc3c(N)ncnc32)[C@H](O)[C@@H]1OP(=O)(O)O)[C@@H](O)C(O)=NCCC(O)=NCCSC(=O)CC(=O)O
malcoame,COC(=O)CC(=O)SCCN=C(O)CCN=C(O)C(O)C(C)(C)COP(=O)(O)OP(=O)(O)OC[C@H]1O[C@@H](n2cnc3c(N)ncnc32)[C@H](O)[C@@H]1OP(=O)(O)O
malt6p,O=P(O)(O)OC[C@H]1O[C@H](O[C@@H]2[C@@H](CO)O[C@H](O)[C@H](O)[C@H]2O)[C@H](O)[C@@H](O)[C@@H]1O
malt,OC[C@H]1O[C@H](O[C@@H]2[C@@H](CO)O[C@@H](O)[C@H](O)[C@H]2O)[C@H](O)[C@@H](O)[C@@H]1O
malthp,OC[C@H]1O[C@H](O[C@@H]2[C@@H](CO)O[C@H](O[C@@H]3[C@@H](CO)O[C@H](O[C@@H]4[C@@H](CO)O[C@H](O[C@@H]5[C@@H](CO)O[C@H](O[C@@H]6[C@@H](CO)O[C@H](O[C@@H]7[C@@H](CO)OC(O)[C@H](O)[C@H]7O)[C@H](O)[C@H]6O)[C@H](O)[C@H]5O)[C@H](O)[C@H]4O)[C@H](O)[C@H]3O)[C@H](O)[C@H]2O)[C@H](O)[C@@H](O)[C@@H]1O
malthx,OC[C@H]1O[C@H](O[C@@H]2[C@@H](CO)O[C@H](O[C@@H]3[C@@H](CO)O[C@H](O[C@@H]4[C@@H](CO)O[C@H](O[C@@H]5[C@@H](CO)O[C@H](O[C@@H]6[C@@H](CO)OC(O)[C@H](O)[C@H]6O)[C@H](O)[C@H]5O)[C@H](O)[C@H]4O)[C@H](O)[C@H]3O)[C@H](O)[C@H]2O)[C@H](O)[C@@H](O)[C@@H]1O
maltpt,OC[C@H]1O[C@H](O[C@@H]2[C@@H](CO)O[C@H](O[C@@H]3[C@@H](CO)O[C@H](O[C@@H]4[C@@H](CO)O[C@H](O[C@@H]5[C@@H](CO)O[C@H](O)[C@H](O)[C@H]5O)[C@H](O)[C@H]4O)[C@H](O)[C@H]3O)[C@H](O)[C@H]2O)[C@H](O)[C@@H](O)[C@@H]1O
malttr,OC[C@H]1O[C@H](O[C@@H]2[C@@H](CO)O[C@H](O[C@@H]3[C@@H](CO)OC(O)[C@H](O)[C@H]3O)[C@H](O)[C@H]2O)[C@H](O)[C@@H](O)[C@@H]1O
maltttr,OC[C@H]1O[C@H](O[C@@H]2[C@@H](CO)O[C@H](O[C@@H]3[C@@H](CO)O[C@H](O[C@@H]4[C@@H](CO)O[C@H](O)[C@H](O)[C@H]4O)[C@H](O)[C@H]3O)[C@H](O)[C@H]2O)[C@H](O)[C@@H](O)[C@@H]1O
man1p,O=P(O)(O)OC1O[C@H](CO)[C@@H](O)[C@H](O)[C@@H]1O
man6p,O=P(O)(O)OC[C@H]1OC(O)[C@@H](O)[C@@H](O)[C@@H]1O
man6pglyc,O=C([O-])[C@@H](CO)O[C@H]1O[C@H](COP(=O)([O-])[O-])[C@@H](O)[C@H](O)[C@@H]1O
man,OC[C@H]1OC(O)[C@@H](O)[C@@H](O)[C@@H]1O
mana,O=C(O)[C@@H](O)[C@@H](O)[C@H](O)[C@H](O)CO
manglyc,O=C(O)[C@@H](CO)O[C@H]1O[C@H](CO)[C@@H](O)[C@H](O)[C@@H]1O
mchtbs6p,CC([O-])=N[C@H]1[C@H](O[C@@H]2[C@@H](CO)OC(O)[C@H](N)[C@H]2O)O[C@H](COP(=O)(O)O)[C@@H](O)[C@@H]1O
mdhdhf,C[C@@]1(O)OC[C@H](O)C1=O
melib,OC[C@H]1O[C@H](OC[C@H]2OC(O)[C@H](O)[C@@H](O)[C@@H]2O)[C@H](O)[C@@H](O)[C@H]1O
meoh,CO
mepn,CP(=O)(O)O
mercpeth,OCCS
mercppyr,O=C(O)C(=O)CS
met__D,CSCC[C@@H](N)C(=O)O
met__L,CSCC[C@H](N)C(=O)O
metglcur,CO[C@@H]1O[C@H](C(=O)[O-])[C@@H](O)[C@H](O)[C@H]1O
methf,N=c1nc(O)c2c([nH]1)NCC1C[N+](c3ccc(C(O)=N[C@@H](CCC(=O)O)C(=O)O)cc3)=CN21
metsox_R__L,C[S@@](=O)CC[C@H](N)C(=O)O
metsox_S__L,CS(=O)CC[C@H](N)C(=O)O
mg2,[Mg]
mi1p__D,O=P(O)(O)OC1[C@H](O)[C@@H](O)C(O)[C@@H](O)[C@H]1O
micit,C[C@](O)(C(=O)O)[C@H](CC(=O)O)C(=O)O
mincyc,CN(C)c1ccc(O)c2c1C[C@H]1C[C@H]3[C@H](N(C)C)C(=O)C(C(=N)O)=C(O)[C@@]3(O)C(=O)C1=C2O
minohp,O=P(O)(O)OC1C(OP(=O)(O)O)C(OP(=O)(O)O)C(OP(=O)(O)O)C(OP(=O)(O)O)C1OP(=O)(O)O
mlthf,N=c1nc(O)c2c([nH]1)NCC1CN(c3ccc(C(=O)N[C@@H](CCC(=O)O)C(=O)O)cc3)CN21
mmcoa__S,C[C@@H](C(=O)O)C(=O)SCCN=C(O)CCN=C(O)[C@H](O)C(C)(C)COP(=O)(O)OP(=O)(O)OC[C@H]1O[C@@H](n2cnc3c(N)ncnc32)[C@H](O)[C@@H]1OP(=O)(O)O
mmet,C[S+](C)CC[C@H](N)C(=O)O
mn2,[Mn+2]
mnl1p,O=P(O)(O)OC[C@@H](O)[C@@H](O)[C@H](O)[C@H](O)CO
mnl,OC[C@@H](O)[C@@H](O)[C@H](O)[C@H](O)CO
mobd,[Mo].[O-].[O-].[O].[O]
moco,N=c1nc([O-])c2c([nH]1)N[C@@H]1O[C@H](COP(=O)([O-])O)C(S)=C(S)[C@@H]1N2.[Mo+2].[O].[O]
mococdp,N=c1ccn([C@@H]2O[C@H](COP(=O)([O-])OP(=O)(O)OC[C@H]3O[C@H]4Nc5[nH]c(=N)nc([O-])c5N[C@H]4C(S)=C3S)[C@@H](O)[C@H]2O)c([O-])n1
mocogdp,N=c1nc(O)c2c([nH]1)NC=C(C(=S)C(=S)C(O)COP(=O)(O)OP(=O)(O)OCC1OC(n3cnc4c(O)nc(=N)[nH]c43)C(O)C1O)N2
mpt,N=c1nc([O-])c2c([nH]1)NC1OC(COP(=O)([O-])O)C(S)=C(S)C1N2.[Mo+2].[O].[O]
mptamp,N=c1nc(O)c2c([nH]1)NC1OC(COP(=O)(O)OP(=O)(O)OCC3OC(n4cnc5c(N)ncnc54)C(O)C3O)C(S)=C(S)C1N2
mql8,CC(C)=CCC/C(C)=C/CC/C(C)=C/CC/C(C)=C/CC/C(C)=C/CC/C(C)=C/CC/C(C)=C/CC/C(C)=C/Cc1c(C)c(O)c2ccccc2c1O
mqn8,CC(C)=CCC/C(C)=C/CC/C(C)=C/CC/C(C)=C/CC/C(C)=C/CC/C(C)=C/CC/C(C)=C/CC/C(C)=C/CC1=C(C)C(=O)c2ccccc2C1=O
msa,O=CCC(=O)O
mso3,CS(=O)(=O)[O-]
mteo2,C[Te](=O)(=O)[O-]
mthgxl,CC(=O)C=O
mththf,C[C@@]1(O)OC[C@H](O)C1(O)O
murein3px3p,CC(O)=NC1=COC(CO)C2OC3OC(CO)C(OC4OC(CO)C(OC5OC(CO)C(O)C(O)C5N=C(C)O)C(OC(C)C(O)=NC(C)C(O)=NC(CCC(=O)O)C(O)=NC(CCCC(N)C(=O)O)C(O)=NC(C(=O)O)CCCC(C(=O)O)N=C(O)C(CCC(=O)O)N=C(O)C(C)N=C(O)C(C)OC12)C4N=C(C)O)C(O)C3N=C(C)O
murein3px4p,CC([O-])=NC1=COC(CO)C2OC3OC(CO)C(OC4OC(CO)C(OC5OC(CO)C(O)C(O)C5N=C(C)[O-])C(OC(C)C(O)=NC(C)C(O)=NC(CCC(=O)O)C(O)=NC(CCCC(N)C(=O)O)C(O)=NC(C)C(O)=NC(C(=O)O)CCCC(C(=O)O)N=C(O)C(CCC(=O)O)N=C(O)C(C)N=C(O)C(C)OC12)C4N=C(C)[O-])C(O)C3N=C(C)[O-]
murein4px4p4p,CC([O-])=NC1=COC(CO)C2OC3OC(CO)C(OC4OC(CO)C(OC5OC(CO)C(OC6OC(CO)C(OC7OC(CO)C(O)C(O)C7N=C(C)[O-])C(OC(C)C(O)=NC(C)C(O)=NC(CCC(=O)O)C(O)=NC(CCCC(N)C(=O)O)C(O)=NC(C)C(=O)O)C6N=C(C)[O-])C(O)C5N=C(C)[O-])C(OC(C)C(O)=NC(C)C(O)=NC(CCC(=O)O)C(O)=NC(CCCC(N)C(=O)O)C(O)=NC(C)C(O)=NC(C(=O)O)CCCC(C(O)=NC(C)C(=O)O)N=C(O)C(CCC(=O)O)N=C(O)C(C)N=C(O)C(C)OC12)C4N=C(C)[O-])C(O)C3N=C(C)[O-]
murein5px4p,CC(O)=NC1=COC(CO)C2OC3OC(CO)C(OC4OC(CO)C(OC5OC(CO)C(O)C(O)C5N=C(C)O)C(OC(C)C(O)=NC(C)C(O)=NC(CCC(=O)O)C(O)=NC(CCCC(N)C(=O)O)C(O)=NC(C)C(O)=NC(C(=O)O)CCCC(C(O)=NC(C)C(O)=NC(C)C(=O)O)N=C(O)C(CCC(=O)O)N=C(O)C(C)N=C(O)C(C)OC12)C4N=C(C)O)C(O)C3N=C(C)O
murein5px4px4p,CC(O)=NC1=COC(CO)C2OC3OC(CO)C(OC4OC(CO)C5OC6OC(CO)C(OC7OC(CO)C(OC8OC(CO)C(O)C(O)C8N=C(C)O)C(OC(C)C(O)=NC(C)C(O)=NC(CCC(=O)O)C(O)=NC(CCCC(N)C(=O)O)C(O)=NC(C)C(O)=NC(C(=O)O)CCCC(N=C(O)C(CCC(=O)O)N=C(O)C(C)N=C(O)C(C)OC5C4N=C(C)O)C(O)=NC(C)C(O)=NC(C(=O)O)CCCC(C(O)=NC(C)C(O)=NC(C)C(=O)O)N=C(O)C(CCC(=O)O)N=C(O)C(C)N=C(O)C(C)OC12)C7N=C(C)O)C(O)C6N=C(C)O)C(O)C3N=C(C)O
n2o,[N-]=[N+]=O
n8aspmd,CC(O)=NCCCCNCCCN
na15dap,NCCCCCNCCCN
na1,[Na]
nac,O=C([O-])c1cccnc1
nad,N=C(O)c1ccc[n+]([C@@H]2O[C@H](COP(=O)(O)OP(=O)(O)OC[C@H]3O[C@@H](n4cnc5c(N)ncnc54)[C@H](O)[C@@H]3O)[C@@H](O)[C@H]2O)c1
nadh,N=C(O)C1=CN([C@@H]2O[C@H](COP(=O)(O)OP(=O)(O)OC[C@H]3O[C@@H](n4cnc5c(N)ncnc54)[C@H](O)[C@@H]3O)[C@@H](O)[C@H]2O)C=CC1
nadhx__R,N=C(O)C1=CN([C@@H]2O[C@H](COP(=O)(O)OP(=O)(O)OC[C@H]3O[C@@H](n4cnc5c(N)ncnc54)[C@H](O)[C@@H]3O)[C@@H](O)[C@H]2O)[C@H](O)CC1
nadp,N=C(O)c1ccc[n+]([C@@H]2O[C@H](COP(=O)(O)OP(=O)(O)OC[C@H]3O[C@@H](n4cnc5c(N)ncnc54)[C@H](OP(=O)(O)O)[C@@H]3O)[C@@H](O)[C@H]2O)c1
nadph,N=C(O)C1=CN([C@H]2O[C@@H](COP(=O)(O)OP(=O)(O)OC[C@@H]3O[C@H](n4cnc5c(N)ncnc54)[C@@H](OP(=O)(O)O)[C@H]3O)[C@H](O)[C@@H]2O)C=CC1
nadphx__R,N=C(O)C1=CN([C@@H]2O[C@H](COP(=O)(O)OP(=O)(O)OC[C@H]3O[C@@H](n4cnc5c(N)ncnc54)[C@H](OP(=O)(O)O)[C@@H]3O)[C@@H](O)[C@H]2O)[C@H](O)CC1
nadphx__S,N=C(O)C1=CN([C@@H]2O[C@H](COP(=O)(O)OP(=O)(O)OC[C@H]3O[C@@H](n4cnc5c(N)ncnc54)[C@H](OP(=O)(O)O)[C@@H]3O)[C@@H](O)[C@H]2O)[C@@H](O)CC1
nalme,COC(=O)[C@H](CCCCN)N=C(C)O
ncam,N=C(O)c1cccnc1
nh4,[NH4+]
ni2,[Ni]
nicrnt,O=C(O)c1ccc[n+]([C@@H]2O[C@H](COP(=O)(O)O)[C@@H](O)[C@H]2O)c1
nmn,N=C(O)c1ccc[n+]([C@@H]2O[C@H](COP(=O)([O-])O)[C@@H](O)[C@H]2O)c1
no2,O=N[O-]
no3,O=[N+]([O-])[O-]
no,[N]=O
novbcn,CO[C@@H]1[C@@H](OC(=N)O)[C@@H](O)[C@H](Oc2ccc3c(O)c(NC(=O)c4ccc(O)c(CC=C(C)C)c4)c(=O)oc3c2C)OC1(C)C
o16aund,CC(=O)OC1C(OC2C(O)C(COC3OC(CO)C(O)C(O)C3O)OC(OP(=O)(O)OP(=O)([O-])OC/C=C(/C)CC/C=C(/C)CC/C=C(/C)CC/C=C(/C)CC/C=C(/C)CC/C=C(/C)CC/C=C(/C)CC/C=C(/C)CC/C=C(\C)CC/C=C(\C)CCC=C(C)C)C2N=C(C)[O-])OC(C)C(O)C1OC1OC(COC2OC(C(O)CO)C(O)C2O)C(O)C(O)C1O
o2,O=O
o2s,[O][O-]
oaa,O=C(O)CC(=O)C(=O)O
oc2coa,CCCCC/C=C/C(=O)SCCN=C(O)CCN=C(O)[C@H](O)C(C)(C)COP(=O)(O)OP(=O)(O)OC[C@H]1O[C@@H](n2cnc3c(N)ncnc32)[C@H](O)[C@@H]1OP(=O)(O)O
occoa,CCCCCCCC(=O)SCCN=C([O-])CCN=C([O-])[C@H](O)C(C)(C)COP(=O)(O)OP(=O)(O)OC[C@H]1O[C@@H](n2cnc3c(N)ncnc32)[C@H](O)[C@@H]1OP(=O)([O-])[O-]
ocdca,CCCCCCCCCCCCCCCCCC(=O)[O-]
ocdcap,CCCCCCCCCCCCCCCCCC(=O)OP(=O)([O-])[O-]
ocdcea,CCCCCCCC/C=C\CCCCCCCC(=O)[O-]
ocdceap,CCCCCCCC/C=C\CCCCCCCC(=O)OP(=O)([O-])[O-]
octa,CCCCCCCC(=O)[O-]
octdp,CC(C)=CCC/C(C)=C/CC/C(C)=C/CC/C(C)=C/CC/C(C)=C/CC/C(C)=C/CC/C(C)=C/CC/C(C)=C/COP(=O)(O)OP(=O)(O)O
od2coa,CCCCCCCCCCCCCCC/C=C/C(=O)SCCN=C(O)CCN=C(O)[C@H](O)C(C)(C)COP(=O)(O)OP(=O)(O)OC[C@H]1O[C@@H](n2cnc3c(N)ncnc32)[C@H](O)[C@@H]1OP(=O)(O)O
odecoa,CCCCCCCCCCCCCCCC=CC(=O)SCCN=C([O-])CCN=C([O-])C(O)C(C)(C)COP(=O)(O)OP(=O)(O)OC[C@H]1O[C@@H](n2cnc3c(N)ncnc32)[C@H](O)[C@@H]1OP(=O)([O-])[O-]
ohpb,O=C(O)C(=O)[C@H](O)COP(=O)(O)O
op4en,C=CCC(=O)C(=O)[O-]
orn,NCCC[C@H](N)C(=O)O
orot5p,O=C(O)c1cc(O)nc(=O)n1[C@@H]1O[C@H](COP(=O)(O)O)[C@@H](O)[C@H]1O
orot,O=C(O)c1cc(O)nc(O)n1
oxa,O=C([O-])C(=O)[O-]
oxadpcoa,CC(C)(COP(=O)(O)OP(=O)(O)OC[C@H]1O[C@@H](n2cnc3c(N)ncnc32)[C@H](O)[C@@H]1OP(=O)(O)O)[C@@H](O)C(O)=NCCC(O)=NCCSC(=O)CC(=O)CCC(=O)O
oxalcoa,CC(C)(COP(=O)(O)OP(=O)(O)OC[C@H]1O[C@@H](n2cnc3c(N)ncnc32)[C@H](O)[C@@H]1OP(=O)(O)O)[C@@H](O)C(O)=NCCC(O)=NCCSC(=O)C(=O)O
oxam,NC(=O)C(=O)O
oxur,N=C(O)N=C(O)C(=O)O
pac,O=C(O)Cc1ccccc1
pacald,O=CCc1ccccc1
pan4p,CC(C)(COP(=O)(O)O)C(O)C(O)=NCCC(O)=NCCS
pant__R,CC(C)(CO)[C@@H](O)C(=O)[O-]
pap,Nc1ncnc2c1ncn2[C@@H]1O[C@H](COP(=O)(O)O)[C@@H](OP(=O)(O)O)[C@H]1O
paps,Nc1ncnc2c1ncn2[C@@H]1O[C@H](COP(=O)(O)OS(=O)(=O)O)[C@@H](OP(=O)(O)O)[C@H]1O
pdx5p,Cc1ncc(COP(=O)(O)O)c(CO)c1O
pe120,CCCCCCCCCCCC(=O)OC[C@H](COP(=O)(O)OCCN)OC(=O)CCCCCCCCCCC
pe140,CCCCCCCCCCCCCC(=O)OC[C@H](COP(=O)(O)OCCN)OC(=O)CCCCCCCCCCCCC
pe160,CCCCCCCCCCCCCCCC(=O)OC[C@H](COP(=O)(O)OCCN)OC(=O)CCCCCCCCCCCCCCC
pe161,CCCCCC/C=C\CCCCCCCC(=O)OC[C@H](COP(=O)(O)OCCN)OC(=O)CCCCCCC/C=C\CCCCCC
pe180,CCCCCCCCCCCCCCCCCC(=O)OC[C@H](COP(=O)(O)OCCN)OC(=O)CCCCCCCCCCCCCCCCC
pe181,CCCCCC/C=C/CCCCCCCCCC(=O)OC[C@H](COP(=O)(O)OCCN)OC(=O)CCCCCCCCC/C=C/CCCCCC
peamn,NCCc1ccccc1
pep,C=C(OP(=O)(O)O)C(=O)O
pg140,CCCCCCCCCCCCCC(=O)OC[C@H](COP(=O)([O-])OC[C@@H](O)CO)OC(=O)CCCCCCCCCCCCC
pg160,CCCCCCCCCCCCCCCC(=O)OC[C@H](COP(=O)([O-])OC[C@@H](O)CO)OC(=O)CCCCCCCCCCCCCCC
pg161,CCCCCC/C=C/CCCCCCCC(=O)OC[C@H](COP(=O)([O-])OC[C@@H](O)CO)OC(=O)CCCCCCC/C=C/CCCCCC
pg180,CCCCCCCCCCCCCCCCCC(=O)OC[C@H](COP(=O)([O-])OC[C@@H](O)CO)OC(=O)CCCCCCCCCCCCCCCCC
pg181,CCCCCC/C=C/CCCCCCCCCC(=O)OC[C@H](COP(=O)([O-])OC[C@@H](O)CO)OC(=O)CCCCCCCCC/C=C/CCCCCC
pgp160,CCCCCCCCCCCCCCCC(=O)OC[C@H](COP(=O)([O-])OC[C@@H](O)COP(=O)([O-])[O-])OC(=O)CCCCCCCCCCCCCCC
pgp161,CCCCCC/C=C/CCCCCCCC(=O)OC[C@H](COP(=O)([O-])OC[C@@H](O)COP(=O)([O-])[O-])OC(=O)CCCCCCC/C=C/CCCCCC
pgp180,CCCCCCCCCCCCCCCCCC(=O)OC[C@H](COP(=O)([O-])OC[C@@H](O)COP(=O)([O-])[O-])OC(=O)CCCCCCCCCCCCCCCCC
phaccoa,CC(C)(COP(=O)(O)OP(=O)(O)OC[C@H]1O[C@@H](n2cnc3c(N)ncnc32)[C@H](O)[C@@H]1OP(=O)(O)O)[C@@H](O)C(O)=NCCC(O)=NCCSC(=O)Cc1ccccc1
phe__L,N[C@@H](Cc1ccccc1)C(=O)O
pheme,C=Cc1c(C)c2cc3nc(cc4nc(cc5[nH]c(cc1[n-]2)c(C)c5C=C)C(C)=C4CCC(=O)O)C(CCC(=O)[O-])=C3C.[Fe+2]
phhlipa,CCCCCCCCCCCCCC(=O)O[C@H](CCCCCCCCCCC)CC(=O)O[C@H]1[C@H](OP(=O)([O-])[O-])[C@@H](CO[C@]2(C(=O)[O-])C[C@@H](OC3(C(=O)[O-])CC(O)C(O)C(C(O)CO)O3)[C@@H](OC3OC([C@@H](O)CO)[C@@H](O)[C@H](OC4OC([C@@H](O)CO)[C@@H](OP(=O)([O-])[O-])[C@H](O)[C@@H]4O)[C@@H]3O)[C@@H]([C@H](O)CO)O2)O[C@@H](OC[C@H]2O[C@H](OP(=O)(O)O)[C@H](N=C([O-])C[C@H](O)CCCCCCCCCCC)[C@@H](OC(=O)C[C@H](O)CCCCCCCCCCC)[C@@H]2O)[C@@H]1N=C([O-])C[C@@H](CCCCCCCCCCC)OC(=O)CCCCCCCCCCC
phom,N[C@@H](CCOP(=O)(O)O)C(=O)O
phphhlipa,CCCCCCCCCCCCCC(=O)O[C@H](CCCCCCCCCCC)CC(=O)O[C@H]1[C@H](OP(=O)([O-])[O-])[C@@H](CO[C@]2(C(=O)[O-])C[C@@H](OC3(C(=O)[O-])CC(O)C(O)C(C(O)CO)O3)[C@@H](OC3OC([C@@H](O)CO)[C@@H](OP(=O)([O-])[O-])[C@H](OC4OC([C@@H](O)COC5OC(C(O)CO)C(O)C(O)C5O)[C@@H](OP(=O)([O-])[O-])[C@H](O)[C@@H]4O)[C@@H]3O)[C@@H]([C@H](O)CO)O2)O[C@@H](OC[C@H]2O[C@H](OP(=O)(O)O)[C@H](N=C([O-])C[C@H](O)CCCCCCCCCCC)[C@@H](OC(=O)C[C@H](O)CCCCCCCCCCC)[C@@H]2O)[C@@H]1N=C([O-])C[C@@H](CCCCCCCCCCC)OC(=O)CCCCCCCCCCC
phpyr,O=C(O)C(=O)Cc1ccccc1
phthr,N[C@H](C(=O)O)[C@H](O)COP(=O)(O)O
pi,O=P([O-])([O-])[O-]
pmtcoa,CCCCCCCCCCCCCCCC(=O)SCCN=C([O-])CCN=C([O-])[C@H](O)C(C)(C)COP(=O)(O)OP(=O)(O)OC[C@H]1O[C@@H](n2cnc3c(N)ncnc32)[C@H](O)[C@@H]1OP(=O)([O-])[O-]
pnto__R,CC(C)(CO)[C@@H](O)C(O)=NCCC(=O)O
poaac,N/C=C\C(=O)OO
ppa,CCC(=O)O
ppal,CCC=O
ppap,CCC(=O)OP(=O)(O)O
ppbng,NCc1[nH]cc(CCC(=O)O)c1CC(=O)O
ppcoa,CCC(=O)SCCN=C(O)CCN=C(O)[C@H](O)C(C)(C)COP(=O)(O)OP(=O)(O)OC[C@H]1O[C@@H](n2cnc3c(N)ncnc32)[C@H](O)[C@@H]1OP(=O)(O)O
ppgpp,N=c1nc(O)c2ncn([C@@H]3O[C@H](COP(=O)(O)OP(=O)(O)O)[C@@H](OP(=O)(O)OP(=O)(O)O)[C@H]3O)c2[nH]1
pphn,O=C(O)C(=O)CC1(C(=O)O)C=CC(O)C=C1
ppi,O=P([O-])([O-])OP(=O)([O-])[O-]
ppp9,C=Cc1c(C)c2cc3[nH]c(cc4nc(cc5nc(cc1[nH]2)C(C)=C5CCC(=O)O)C(CCC(=O)O)=C4C)c(C)c3C=C
pppg9,C=Cc1c2[nH]c(c1C)Cc1[nH]c(c(CCC(=O)O)c1C)Cc1[nH]c(c(C)c1CCC(=O)O)Cc1[nH]c(c(C)c1C=C)C2
pppi,O=P([O-])([O-])OP(=O)([O-])OP(=O)([O-])[O-]
pppn,O=C(O)CCc1ccccc1
pram,N[C@@H]1O[C@H](COP(=O)(O)O)[C@@H](O)[C@H]1O
pran,O=C(O)c1ccccc1N[C@@H]1O[C@H](COP(=O)(O)O)[C@@H](O)[C@H]1O
prbamp,N=c1c2ncn([C@@H]3O[C@H](COP(=O)(O)O)[C@@H](O)[C@H]3O)c2ncn1[C@@H]1O[C@H](COP(=O)(O)O)[C@@H](O)[C@H]1O
prbatp,N=c1c2ncn([C@@H]3O[C@H](COP(=O)(O)OP(=O)(O)OP(=O)(O)O)[C@@H](O)[C@H]3O)c2ncn1[C@@H]1O[C@H](COP(=O)(O)O)[C@@H](O)[C@H]1O
prcp,O=P(O)(O)OC[C@H]1O[C@@H]2OP(=O)(O)O[C@@H]2[C@@H]1O
preq0,N#Cc1c[nH]c2[nH]c(=N)nc(O)c12
preq1,N=c1nc(O)c2c(CN)c[nH]c2[nH]1
prfp,NC(=O)c1ncn([C@@H]2O[C@H](COP(=O)(O)O)[C@@H](O)[C@H]2O)c1N=CN[C@@H]1O[C@H](COP(=O)(O)O)[C@@H](O)[C@H]1O
prlp,NC(=O)c1ncn([C@@H]2O[C@H](COP(=O)(O)O)[C@@H](O)[C@H]2O)c1NC=NCC(=O)[C@H](O)[C@H](O)COP(=O)(O)O
pro__L,O=C(O)[C@@H]1CCCN1
progly,O=C(O)CNOC[C@@H]1CCCN1
prpmn,CP(=O)(O)O[C@H]1O[C@H](COP(=O)(O)O)[C@@H](O)[C@H]1O
prpncoa,C=CC(=O)SCCN=C([O-])CCN=C([O-])[C@H](O)C(C)(C)COP(=O)(O)OP(=O)(O)OC[C@H]1O[C@@H](n2cnc3c(N)ncnc32)[C@H](O)[C@@H]1OP(=O)([O-])[O-]
prpp,O=P(O)(O)OC[C@H]1O[C@H](OP(=O)(O)OP(=O)(O)O)[C@H](O)[C@@H]1O
ps160,CCCCCCCCCCCCCCCC(=O)OC[C@H](COP(=O)(O)OC[C@H](N)C(=O)[O-])OC(=O)CCCCCCCCCCCCCCC
ps180,CCCCCCCCCCCCCCCCCC(=O)OC[C@H](COP(=O)(O)OC[C@H](N)C(=O)[O-])OC(=O)CCCCCCCCCCCCCCCCC
psclys,N[C@@H](CCCCNCC(=O)[C@H](O)[C@H](O)[C@H](O)CO)C(=O)O
psd5p,O=P(O)(O)OC[C@H]1O[C@@H](c2cnc(O)nc2O)[C@H](O)[C@@H]1O
pser__L,N[C@@H](COP(=O)(O)O)C(=O)O
psuri,OC[C@H]1O[C@@H](c2cnc(O)nc2O)[C@H](O)[C@@H]1O
ptrc,NCCCCN
pyam5p,Cc1ncc(COP(=O)(O)O)c(CN)c1O
pydam,Cc1ncc(CO)c(CN)c1O
pydx5p,Cc1ncc(COP(=O)(O)O)c(C=O)c1O
pydx,Cc1ncc(CO)c(C=O)c1O
pydxn,Cc1ncc(CO)c(CO)c1O
pyr,CC(=O)C(=O)[O-]
q8,COC1=C(OC)C(=O)C(C/C=C(\C)CC/C=C(\C)CC/C=C(\C)CC/C=C(\C)CC/C=C(\C)CC/C=C(\C)CC/C=C(\C)CCC=C(C)C)=C(C)C1=O
q8h2,COc1c(O)c(C)c(C/C=C(\C)CC/C=C(\C)CC/C=C(\C)CC/C=C(\C)CC/C=C(\C)CC/C=C(\C)CC/C=C(\C)CCC=C(C)C)c(O)c1OC
quin,O=C(O)C1(O)C[C@@H](O)C(O)[C@H](O)C1
quln,O=C(O)c1cccnc1C(=O)O
r15bp,O=P(O)(O)OC[C@H]1OC(OP(=O)(O)O)[C@H](O)[C@@H]1O
r1p,O=P(O)(O)O[C@H]1O[C@H](CO)[C@@H](O)[C@H]1O
r2hglut,O=C(O)CC[C@@H](O)C(=O)O
r5p,O=P(O)(O)OC[C@H]1O[C@H](O)[C@H](O)[C@@H]1O
ragund,CC(C)=CCC/C(C)=C/CC/C(C)=C/CC/C(C)=C/CC/C(C)=C/CC/C(C)=C/CC/C(C)=C/CC/C(C)=C/CC/C(C)=C/CC/C(C)=C/CC/C(C)=C/COP(=O)([O-])OP(=O)(O)OC1OC(CO)C(O)C(OC2OC(C)C(O)C(O)C2O)C1N=C(C)[O-]
rbflvrd,Cc1cc2c(cc1C)N(C[C@H](O)[C@H](O)[C@H](O)CO)c1nc(O)nc(O)c1N2
rbl__D,O=C(CO)[C@H](O)[C@H](O)CO
rbl__L,O=C(CO)[C@@H](O)[C@@H](O)CO
rdmbzi,Cc1cc2ncn([C@H]3O[C@H](CO)[C@@H](O)[C@H]3O)c2cc1C
rfamp,CO[C@H]1/C=C/O[C@@]2(C)Oc3c(C)c(O)c4c(c3C2=O)C(=O)/C(=C/NN2CCN(C)CC2)C(=C4O)N=C(O)/C(C)=C\C=C\C(C)[C@H](O)[C@@H](C)[C@@H](O)[C@@H](C)[C@@H](OC(C)=O)[C@@H]1C
rhcys,N[C@@H](CCSC[C@H]1O[C@@H](O)[C@H](O)[C@@H]1O)C(=O)O
rhmn,C[C@H](O)[C@H](O)[C@@H](O)[C@@H](O)C(=O)[O-]
rib__D,OC1OC[C@@H](O)[C@@H](O)[C@H]1O
ribflv,Cc1cc2nc3c(O)nc(=O)nc-3n(C[C@H](O)[C@H](O)[C@H](O)CO)c2cc1C
rml1p,C[C@H](O)[C@H](O)[C@@H](O)C(=O)COP(=O)(O)O
rml,C[C@H](O)[C@H](O)[C@@H](O)C(=O)CO
rmn,C[C@@H]1OC(O)[C@H](O)[C@H](O)[C@H]1O
ru5p__D,O=C(CO)[C@H](O)[C@H](O)COP(=O)(O)O
ru5p__L,O=C(CO)[C@@H](O)[C@@H](O)COP(=O)(O)O
s17bp,O=C(COP(=O)(O)O)[C@@H](O)[C@H](O)[C@H](O)[C@H](O)COP(=O)(O)O
s7p,O=C(CO)[C@@H](O)[C@H](O)[C@H](O)[C@H](O)COP(=O)(O)O
sarcs,CNCC(=O)O
sbt6p,O=P(O)(O)OC[C@@H](O)[C@@H](O)[C@H](O)[C@@H](O)CO
sbt__D,OC[C@H](O)[C@@H](O)[C@H](O)[C@H](O)CO
sbzcoa,CC(C)(COP(=O)(O)OP(=O)(O)OC[C@H]1O[C@@H](n2cnc3c(N)ncnc32)[C@H](O)[C@@H]1OP(=O)(O)O)[C@@H](O)C(O)=NCCC(O)=NCCSC(=O)CCC(=O)c1ccccc1C(=O)O
scl,C[C@@]1(CC(=O)O)c2cc3nc(cc4[nH]c(cc5[nH]c(cc(n2)[C@H]1CCC(=O)O)c(CC(=O)O)c5CCC(=O)O)c(CCC(=O)O)c4CC(=O)O)[C@@](C)(CC(=O)O)[C@@H]3CCC(=O)O
sel,O=[Se](=O)([O-])[O-]
seln,[Se+2]
selnp,[O-]P(O)(O)=[Se]
ser__D,N[C@H](CO)C(=O)O
ser__L,N[C@@H](CO)C(=O)O
seramp,Nc1ncnc2c1ncn2[C@@H]1O[C@H](COP(=O)(O)OC(=O)[C@@H](N)CO)[C@@H](O)[C@H]1O
sf,O=S(=O)([O-])C[C@H]1OC(O)(CO)[C@@H](O)[C@@H]1O
sfp,O=P([O-])([O-])OCC1(O)O[C@H](CS(=O)(=O)[O-])[C@@H](O)[C@@H]1O
sheme,C[C@@]1(CC(=O)O)c2cc3nc(cc4[nH]c(cc5[n-]c(cc(n2)[C@H]1CCC(=O)O)c(CC(=O)O)c5CCC(=O)[O-])c(CCC(=O)O)c4CC(=O)O)[C@@](C)(CC(=O)O)[C@@H]3CCC(=O)O.[Fe+2]
skm5p,O=C(O)C1=C[C@@H](OP(=O)(O)O)[C@@H](O)[C@H](O)C1
skm,O=C(O)C1=C[C@@H](O)[C@@H](O)[C@H](O)C1
sl26da,N[C@@H](CCC[C@H](N=C(O)CCC(=O)O)C(=O)O)C(=O)O
sl2a6o,O=C(O)CCC(O)=N[C@@H](CCCC(=O)C(=O)O)C(=O)O
sla,O=CC(O)CS(=O)(=O)O
slnt,O=[Se]([O-])[O-]
so2,O=S=O
so3,O=S([O-])[O-]
so4,O=S(=O)([O-])[O-]
spmd,NCCCCNCCCN
stcoa,CCCCCCCCCCCCCCCCCC(=O)SCCN=C([O-])CCN=C([O-])[C@H](O)C(C)(C)COP(=O)(O)OP(=O)(O)OC[C@H]1O[C@@H](n2cnc3c(N)ncnc32)[C@H](O)[C@@H]1OP(=O)([O-])[O-]
suc6p,O=P(O)(O)OC[C@H]1O[C@H](O[C@]2(CO)O[C@H](CO)[C@@H](O)[C@@H]2O)[C@H](O)[C@@H](O)[C@@H]1O
sucarg,N=C(N)NCCC[C@H](N=C(O)CCC(=O)O)C(=O)O
sucbz,O=C(O)CCC(=O)c1ccccc1C(=O)O
succ,O=C([O-])CCC(=O)[O-]
succoa,CC(C)(COP(=O)(O)OP(=O)(O)OC[C@H]1O[C@@H](n2cnc3c(N)ncnc32)[C@H](O)[C@@H]1OP(=O)(O)O)[C@@H](O)C(O)=NCCC(O)=NCCSC(=O)CCC(=O)O
sucglu,O=C(O)CCC(O)=N[C@@H](CCC(=O)O)C(=O)O
sucgsa,O=CCC[C@H](N=C(O)CCC(=O)O)C(=O)O
suchms,N[C@@H](CCOC(=O)CCC(=O)O)C(=O)O
sucorn,NCCC[C@H](N=C(O)CCC(=O)O)C(=O)O
sucr,OC[C@H]1O[C@H](O[C@]2(CO)O[C@H](CO)[C@@H](O)[C@@H]2O)[C@H](O)[C@@H](O)[C@@H]1O
sucsal,O=CCCC(=O)O
sulfac,O=C(O)CS(=O)(=O)O
tag6p__D,O=P(O)(O)OC[C@H]1OC(O)(CO)[C@@H](O)[C@H]1O
tagdp__D,O=P(O)(O)OC[C@H]1OC(O)(COP(=O)(O)O)[C@@H](O)[C@H]1O
tagur,O=C([O-])[C@@H](O)[C@H](O)[C@H](O)C(=O)CO
tartr__D,O=C([O-])[C@@H](O)[C@H](O)C(=O)[O-]
tartr__L,O=C([O-])[C@H](O)[C@@H](O)C(=O)[O-]
taur,NCCS(=O)(=O)O
tcynt,N#C[S-]
td2coa,CCCCCCCCCCC/C=C/C(=O)SCCN=C(O)CCN=C(O)[C@H](O)C(C)(C)COP(=O)(O)OP(=O)(O)OC[C@H]1O[C@@H](n2cnc3c(N)ncnc32)[C@H](O)[C@@H]1OP(=O)(O)O
tdcoa,CCCCCCCCCCCCCC(=O)SCCN=C([O-])CCN=C([O-])[C@H](O)C(C)(C)COP(=O)(O)OP(=O)(O)OC[C@H]1O[C@@H](n2cnc3c(N)ncnc32)[C@H](O)[C@@H]1OP(=O)([O-])[O-]
tdecoa,CCCCCCCCCCC/C=C/C(=O)SCCN=C(O)CCN=C(O)C(O)C(C)(C)COP(=O)(O)OP(=O)(O)OC[C@H]1O[C@@H](n2cnc3c(N)ncnc32)[C@H](O)[C@@H]1OP(=O)(O)O
teo2,O=[Te]([O-])[O-]
thcur,COc1cc(CCC(=O)CC(=O)CCc2ccc(O)c(OC)c2)ccc1O
thdp,O=C(O)C1=NC(C(=O)O)CCC1
thf,N=c1nc(O)c2c([nH]1)NCC(CNc1ccc(C(=O)N[C@@H](CCC(=O)O)C(=O)O)cc1)N2
thm,Cc1ncc(C[n+]2csc(CCO)c2C)c(=N)[nH]1
thmmp,Cc1ncc(C[n+]2csc(CCOP(=O)(O)O)c2C)c(=N)[nH]1
thmnp,N=c1nc(O)c2c([nH]1)NCC([C@H](O)[C@@H](O)CO)N2
thmpp,Cc1ncc(C[n+]2csc(CCOP(=O)(O)OP(=O)(O)O)c2C)c(=N)[nH]1
thptdn,C1=NC=C2NCCN=C2N1
thr__L,C[C@@H](O)[C@H](N)C(=O)O
thrp,C[C@@H](OP(=O)(O)O)[C@H](N)C(=O)O
thym,Cc1cnc(O)nc1O
thymd,Cc1cn([C@H]2C[C@H](O)[C@@H](CO)O2)c(=O)nc1O
tma,CN(C)C
tmao,C[N+](C)(C)[O-]
trdox,C[N+](C)(C)[C@@H](Cc1cnc(S)[nH]1)C(=O)O
trdrd,C[N+](C)(C)[C@@H](Cc1cnc(S)[nH]1)C(=O)O
tre6p,O=P(O)(O)OC[C@H]1O[C@H](O[C@H]2O[C@H](CO)[C@@H](O)[C@H](O)[C@H]2O)[C@H](O)[C@@H](O)[C@@H]1O
tre,OC[C@H]1O[C@H](O[C@H]2O[C@H](CO)[C@@H](O)[C@H](O)[C@H]2O)[C@H](O)[C@@H](O)[C@@H]1O
trp__L,N[C@@H](Cc1c[nH]c2ccccc12)C(=O)O
tsul,O=S([O-])([O-])=S
ttdca,CCCCCCCCCCCCCC(=O)[O-]
ttdcap,CCCCCCCCCCCCCC(=O)OP(=O)([O-])[O-]
ttdcea,C=CCCCCCCCCCCCC(=O)[O-]
ttrcyc,CN(C)[C@@H]1C(=O)C(C(=N)O)=C(O)[C@@]2(O)C(=O)C3=C(O)c4c(O)cccc4[C@@](C)(O)[C@H]3C[C@@H]12
tungs,[O-].[O-].[O].[O].[W]
tym,NCCc1ccc(O)cc1
tyr__L,N[C@@H](Cc1ccc(O)cc1)C(=O)O
tyrp,N[C@@H](Cc1ccc(OP(=O)(O)O)cc1)C(=O)O
u23ga,CCCCCCCCCCC[C@@H](O)CC(=O)O[C@H]1[C@H](O)[C@@H](CO)O[C@H](OP(=O)(O)OP(=O)(O)OC[C@H]2O[C@@H](n3ccc(O)nc3=O)[C@H](O)[C@@H]2O)[C@@H]1N=C(O)C[C@H](O)CCCCCCCCCCC
u3aga,CCCCCCCCCCC[C@@H](O)CC(=O)O[C@H]1[C@H](O)[C@@H](CO)O[C@H](OP(=O)(O)OP(=O)(O)OC[C@H]2O[C@@H](n3ccc([O-])nc3=O)[C@H](O)[C@@H]2O)[C@@H]1N=C(C)[O-]
u3hga,CCCCCCCCCCC[C@@H](O)CC(=O)O[C@H]1[C@H](O)[C@@H](CO)O[C@H](OP(=O)(O)OP(=O)(O)OC[C@H]2O[C@@H](n3ccc(O)nc3=O)[C@H](O)[C@@H]2O)[C@@H]1N
uLa4fn,CC(C)=CCC/C(C)=C/CC/C(C)=C/CC/C(C)=C/CC/C(C)=C/CC/C(C)=C/CC/C(C)=C/CC/C(C)=C/CC/C(C)=C/CC/C(C)=C/CC/C(C)=C/COP(=O)([O-])O[C@@H]1OCC(N)(C=O)[C@H](O)[C@H]1O
uLa4n,CC(C)=CCC/C(C)=C/CC/C(C)=C/CC/C(C)=C\CC/C(C)=C\CC/C(C)=C\CC/C(C)=C\CC/C(C)=C\CC/C(C)=C\CC/C(C)=C\CC/C(C)=C\COP(=O)(O)O[C@@H]1OC[C@H](N)[C@H](O)[C@H]1O
uaagmda,CC(C)=CCCC(C)=CCCC(C)=CCCC(C)=CCCC(C)=CCCC(C)=CCCC(C)=CCCC(C)=CCCC(C)=CCCC(C)=CCCC(C)=CCOP(=O)(O)OP(=O)(O)O[C@H]1O[C@H](CO)[C@@H](O[C@H]2O[C@H](CO)[C@@H](O)[C@H](O)[C@H]2N=C(C)O)[C@H](O[C@H](C)C(O)=N[C@@H](C)C(O)=N[C@H](CCC(=O)O)C(O)=N[C@@H](CCCCN)C(O)=N[C@H](C)C(O)=N[C@H](C)C(=O)O)[C@H]1N=C(C)O
uaccg,C=C(O[C@H]1[C@H](O)[C@@H](CO)O[C@H](OP(=O)(O)OP(=O)(O)OC[C@H]2O[C@@H](n3ccc(O)nc3=O)[C@H](O)[C@@H]2O)[C@@H]1N=C(C)O)C(=O)O
uacgam,CC(O)=N[C@H]1[C@@H](OP(=O)(O)OP(=O)(O)OC[C@H]2O[C@@H](n3ccc(O)nc3=O)[C@H](O)[C@@H]2O)O[C@H](CO)[C@@H](O)[C@@H]1O
uacmam,CC(O)=N[C@@H]1[C@@H](OP(=O)(O)OP(=O)(O)OC[C@H]2O[C@@H](n3ccc(O)nc3=O)[C@H](O)[C@@H]2O)O[C@H](CO)[C@@H](O)[C@@H]1O
uacmamu,CC(O)=N[C@@H]1[C@@H](OP(=O)(O)OP(=O)(O)OC[C@H]2O[C@@H](n3ccc(O)nc3=O)[C@H](O)[C@@H]2O)O[C@H](C(=O)O)[C@@H](O)[C@@H]1O
uagmda,CC(C)=CCC/C(C)=C/CC/C(C)=C/CC/C(C)=C\CC/C(C)=C\CC/C(C)=C\CC/C(C)=C\CC/C(C)=C\CC/C(C)=C\CC/C(C)=C\CC/C(C)=C\COP(=O)(O)OP(=O)(O)O[C@H]1O[C@H](CO)[C@@H](O)[C@H](O[C@H](C)C(O)=N[C@@H](C)C(O)=N[C@H](CCC(O)=N[C@@H](CCC[C@@H](N)C(=O)O)C(O)=N[C@H](C)C(O)=N[C@H](C)C(=O)O)C(=O)O)[C@H]1N=C(C)O
uama,CC(O)=N[C@H]1[C@@H](OP(=O)(O)OP(=O)(O)OC[C@H]2O[C@@H](n3ccc(O)nc3=O)[C@H](O)[C@@H]2O)O[C@H](CO)[C@@H](O)[C@@H]1O[C@H](C)C(O)=N[C@@H](C)C(=O)O
uamag,CC(O)=N[C@H]1C(OP(=O)(O)OP(=O)(O)OC[C@H]2O[C@@H](n3ccc(O)nc3=O)[C@H](O)[C@@H]2O)O[C@H](CO)[C@@H](O)[C@@H]1O[C@H](C)C(O)=N[C@@H](C)C(O)=N[C@H](CCC(=O)O)C(=O)O
uamr,CC(O)=NC1C(OP(=O)(O)OP(=O)(O)OCC2OC(n3ccc(O)nc3=O)C(O)C2O)OC(CO)C(O)C1OC(C)C(=O)O
udcpdp,CC(C)=CCC/C(C)=C/CC/C(C)=C/CC/C(C)=C/CC/C(C)=C/CC/C(C)=C/CC/C(C)=C/CC/C(C)=C/CC/C(C)=C/CC/C(C)=C/CC/C(C)=C/COP(=O)(O)OP(=O)(O)O
udcpgl,C/C=C(/C)CC/C=C(/C)CC/C=C(/C)CC/C=C(/C)CC/C=C(/C)CC/C=C(/C)CC/C=C(/C)CC/C=C(/C)CC/C=C(\C)CC/C=C(\C)CC/C=C(\C)COP(=O)([O-])OP(=O)([O-])O[C@H]1O[C@H](CO)[C@@H](O)[C@H](O)[C@H]1O
udcpp,CC(C)=CCC/C(C)=C/CC/C(C)=C/CC/C(C)=C/CC/C(C)=C/CC/C(C)=C/CC/C(C)=C/CC/C(C)=C/CC/C(C)=C/CC/C(C)=C/CC/C(C)=C/COP(=O)(O)O
udpLa4fn,O=c1nc([O-])ccn1C1O[C@H](COP(=O)(O)OP(=O)(O)O[C@H]2OC[C@H](N=C[O-])[C@H](O)[C@H]2O)[C@@H](O)[C@H]1O
udpLa4n,N[C@H]1CO[C@H](OP(=O)(O)OP(=O)(O)OC[C@H]2O[C@@H](n3ccc([O-])nc3=O)[C@H](O)[C@@H]2O)[C@H](O)[C@H]1O
udpLa4o,O=C1CO[C@H](OP(=O)(O)OP(=O)([O-])OC[C@H]2O[C@@H](n3ccc([O-])nc3=O)[C@H](O)[C@@H]2O)[C@H](O)[C@H]1O
udp,O=c1nc(O)ccn1[C@@H]1O[C@H](COP(=O)(O)OP(=O)(O)O)[C@@H](O)[C@H]1O
udpacgal,CC(O)=N[C@H]1C(OP(=O)(O)OP(=O)(O)OC[C@H]2O[C@@H](n3ccc(O)nc3=O)[C@H](O)[C@@H]2O)O[C@H](CO)[C@H](O)[C@@H]1O
udpg,O=c1nc(O)ccn1[C@@H]1O[C@H](COP(=O)(O)OP(=O)(O)O[C@H]2O[C@H](CO)[C@@H](O)[C@H](O)[C@H]2O)[C@@H](O)[C@H]1O
udpgal,O=c1nc(O)ccn1[C@@H]1O[C@H](COP(=O)(O)OP(=O)(O)O[C@H]2O[C@H](CO)[C@H](O)[C@H](O)[C@H]2O)[C@@H](O)[C@H]1O
udpgalfur,O=c1nc(O)ccn1[C@@H]1O[C@H](COP(=O)(O)OP(=O)(O)O[C@H]2O[C@@H]([C@H](O)CO)[C@H](O)[C@H]2O)[C@@H](O)[C@H]1O
udpglcur,O=C(O)[C@H]1O[C@H](OP(=O)(O)OP(=O)(O)OC[C@H]2O[C@@H](n3ccc(O)nc3=O)[C@H](O)[C@@H]2O)[C@H](O)[C@@H](O)[C@@H]1O
ugmd,CC(O)=N[C@H]1[C@@H](OP(=O)(O)OP(=O)(O)OC[C@H]2O[C@@H](n3ccc(O)nc3=O)[C@H](O)[C@@H]2O)O[C@H](CO)[C@@H](O)[C@@H]1O[C@H](C)C(O)=N[C@@H](C)C(O)=N[C@H](CCC(O)=N[C@@H](CCC[C@@H](N)C(=O)O)C(=O)O)C(=O)O
ugmda,CC(O)=N[C@H]1[C@@H](OP(=O)(O)OP(=O)(O)OC[C@H]2O[C@@H](n3ccc(O)nc3=O)[C@H](O)[C@@H]2O)O[C@H](CO)[C@@H](O)[C@@H]1O[C@H](C)C(O)=N[C@@H](C)C(O)=N[C@H](CCC(O)=N[C@@H](CCC[C@@H](N)C(=O)O)C(O)=N[C@H](C)C(O)=N[C@H](C)C(=O)O)C(=O)O
um4p,CC([O-])=N[C@H]1[C@@H](OP(=O)([O-])OP(=O)([O-])OC[C@H]2O[C@@H]([N+]3=C[CH+]C(O)=NC3=O)[C@H](O)[C@@H]2O)O[C@H](CO)[C@@H](O)[C@@H]1O[C@H](C)C(O)=N[C@@H](C)C(O)=N[C@H](CCC([O-])=N[C@@H](CCC[C@@H](N)C(=O)O)C(O)=N[C@H](C)C(=O)O)C(=O)O
ump,O=c1nc(O)ccn1[C@@H]1O[C@H](COP(=O)(O)O)[C@@H](O)[C@H]1O
unaga,CC(C)=CCC/C(C)=C/CC/C(C)=C/CC/C(C)=C\CC/C(C)=C\CC/C(C)=C\CC/C(C)=C\CC/C(C)=C\CC/C(C)=C\CC/C(C)=C\CC/C(C)=C\COP(=O)([O-])OP(=O)(O)O[C@H]1O[C@H](CO)[C@@H](O)[C@H](O)[C@H]1N=C(C)[O-]
unagamu,CC(C)=CCC/C(C)=C/CC/C(C)=C/CC/C(C)=C/CC/C(C)=C/CC/C(C)=C/CC/C(C)=C/CC/C(C)=C/CC/C(C)=C/CC/C(C)=C/CC/C(C)=C/COP(=O)(O)OP(=O)(O)O[C@H]1O[C@H](CO)[C@@H](O[C@@H]2O[C@H](C(=O)O)[C@@H](O)[C@H](O)[C@@H]2N=C(C)O)[C@H](O)[C@H]1N=C(C)O
unagamuf,CC(C)=CCC/C(C)=C/CC/C(C)=C/CC/C(C)=C\CC/C(C)=C\CC/C(C)=C\CC/C(C)=C\CC/C(C)=C\CC/C(C)=C\CC/C(C)=C\CC/C(C)=C\COP(=O)(O)OP(=O)(O)O[C@H]1O[C@H](CO)[C@@H](O[C@@H]2O[C@H](C(=O)O)[C@@H](O[C@H]3O[C@H](C)[C@H](N=C(C)[O-])[C@H](O)[C@H]3O)[C@H](O)[C@@H]2N=C(C)[O-])[C@H](O)[C@H]1N=C(C)[O-]
uppg3,O=C(O)CCc1c2[nH]c(c1CC(=O)O)Cc1[nH]c(c(CC(=O)O)c1CCC(=O)O)Cc1[nH]c(c(CC(=O)O)c1CCC(=O)O)Cc1[nH]c(c(CCC(=O)O)c1CC(=O)O)C2
ura,Oc1ccnc(O)n1
uracp,N=C(O)N/C=C\C(=O)OO
urate,Oc1nc(O)c2nc(O)[nH]c2n1
urdglyc,N=C(O)N[C@@H](O)C(=O)O
urea,N=C(N)O
uri,O=c1nc(O)ccn1[C@@H]1O[C@H](CO)[C@@H](O)[C@H]1O
utp,O=c1nc(O)ccn1[C@@H]1O[C@H](COP(=O)(O)OP(=O)(O)OP(=O)(O)O)[C@@H](O)[C@H]1O
val__L,CC(C)[C@H](N)C(=O)O
xan,Oc1nc(O)c2nc[nH]c2n1
xdp,O=P(O)(O)OP(=O)(O)OC[C@H]1O[C@@H](n2cnc3c(O)nc(O)nc32)[C@H](O)[C@@H]1O
xmp,O=P(O)(O)OC[C@H]1O[C@@H](n2cnc3c(O)nc(O)nc32)[C@H](O)[C@@H]1O
xtp,O=P(O)(O)OP(=O)(O)OP(=O)(O)OC[C@H]1O[C@@H](n2cnc3c(O)nc(O)nc32)[C@H](O)[C@@H]1O
xtsn,OC[C@H]1O[C@@H](n2cnc3c(O)nc(O)nc32)[C@H](O)[C@@H]1O
xu5p__D,O=C(CO)[C@@H](O)[C@H](O)COP(=O)(O)O
xu5p__L,O=C(CO)[C@H](O)[C@@H](O)COP(=O)(O)O
xyl__D,OC1OC[C@@H](O)[C@H](O)[C@H]1O
xylu__D,O=C(CO)[C@@H](O)[C@H](O)CO
xylu__L,O=C(CO)[C@H](O)[C@@H](O)CO
zn2,[Zn]
acetone,CC(C)=O
2hbut,CCC(O)C(=O)[O-]
2hglut,O=C(O)CCC(O)C(=O)O
phlac,O=C(O)C(O)Cc1ccccc1
34hpl,O=C(O)C(O)Cc1ccc([O-])cc1
acphe,CC(O)=N[C@@H](Cc1ccccc1)C(=O)O
